geo_accession,ctrl
GSM1973514,0.0
GSM1973517,0.0
GSM1973515,0.0
GSM1973516,0.0
GSM1973518,0.0
GSM707668,1.0
GSM707671,1.0
GSM707670,1.0
GSM707669,1.0
GSM1324121,0.0
GSM1324129,0.0
GSM1324117,0.0
GSM1324125,0.0
GSM1324133,0.0
GSM1964311,1.0
GSM1964310,1.0
GSM1964309,1.0
GSM1964313,1.0
GSM1964314,1.0
GSM257772,0.0
GSM257774,0.0
GSM257775,0.0
GSM257769,0.0
GSM257694,0.0
GSM1754936,1.0
GSM1754933,1.0
GSM1754937,0.0
GSM1754934,1.0
GSM1754935,1.0
GSM2550659,1.0
GSM2550655,0.0
GSM2550657,0.0
GSM2550656,0.0
GSM2550658,0.0
GSM1657152,0.0
GSM1657155,0.0
GSM1657151,0.0
GSM1657154,0.0
GSM3113238,0.0
GSM3113239,0.0
GSM3113243,1.0
GSM3113246,0.0
GSM3113237,0.0
GSM3113241,0.0
GSM3113245,0.0
GSM3113242,1.0
GSM3113236,0.0
GSM3113240,0.0
GSM3113247,0.0
GSM3113244,1.0
GSM2152412,0.0
GSM2152411,0.0
GSM2152414,0.0
GSM2152413,0.0
GSM2152415,0.0
GSM417480,0.0
GSM417477,0.0
GSM417479,0.0
GSM417476,0.0
GSM417478,0.0
GSM1846354,0.0
GSM1846352,0.0
GSM1846356,0.0
GSM1846353,0.0
GSM1846355,0.0
GSM1149500,0.0
GSM1149498,1.0
GSM1149499,1.0
GSM1149501,0.0
GSM1149502,0.0
GSM2940290,0.0
GSM2940291,0.0
GSM2940292,0.0
GSM2940293,0.0
GSM2940294,0.0
GSM722059,0.0
GSM722062,0.0
GSM722058,0.0
GSM722060,0.0
GSM187408,0.0
GSM187404,1.0
GSM187406,1.0
GSM187405,1.0
GSM187407,0.0
GSM1388206,1.0
GSM1388209,1.0
GSM1388207,1.0
GSM1388208,0.0
GSM1388210,1.0
GSM2255734,0.0
GSM2255733,0.0
GSM2255732,1.0
GSM2255731,1.0
GSM2850270,1.0
GSM2850271,0.0
GSM2850269,1.0
GSM2850272,0.0
GSM1477282,1.0
GSM1477285,1.0
GSM1477286,1.0
GSM1477283,1.0
GSM1477284,1.0
GSM1127890,1.0
GSM1127892,1.0
GSM1127893,1.0
GSM1127894,0.0
GSM1127891,1.0
GSM509141,0.0
GSM509142,0.0
GSM509139,0.0
GSM737068,1.0
GSM737069,0.0
GSM737065,0.0
GSM737066,1.0
GSM737067,0.0
GSM1329795,0.0
GSM1329794,1.0
GSM203978,0.0
GSM203980,0.0
GSM203982,0.0
GSM203979,0.0
GSM203981,0.0
GSM3214319,0.0
GSM3214316,1.0
GSM1687423,0.0
GSM1687424,0.0
GSM1687425,0.0
GSM1687422,1.0
GSM1687421,1.0
GSM2770927,0.0
GSM2770929,0.0
GSM2770931,0.0
GSM2770928,0.0
GSM2770930,0.0
GSM1920494,0.0
GSM1920495,0.0
GSM1920492,0.0
GSM1920493,0.0
GSM2491704,0.0
GSM2491705,0.0
GSM2491706,0.0
GSM2491703,0.0
GSM2491707,0.0
GSM2985496,1.0
GSM2985486,1.0
GSM2985491,1.0
GSM2985494,1.0
GSM763699,0.0
GSM763701,0.0
GSM763700,0.0
GSM763697,0.0
GSM763698,0.0
GSM1714220,1.0
GSM1714221,1.0
GSM1714231,0.0
GSM1714234,0.0
GSM1714237,1.0
GSM1714238,1.0
GSM1714241,1.0
GSM1714246,1.0
GSM1714247,1.0
GSM1714228,1.0
GSM1714249,1.0
GSM1714227,1.0
GSM1714230,0.0
GSM1714243,1.0
GSM1714225,1.0
GSM1714226,1.0
GSM1714232,0.0
GSM1714239,1.0
GSM1714244,1.0
GSM1714248,1.0
GSM1714233,0.0
GSM1714223,1.0
GSM1714224,1.0
GSM1714235,0.0
GSM1714242,1.0
GSM1714245,1.0
GSM1714240,1.0
GSM1714229,0.0
GSM1714222,1.0
GSM1714236,1.0
GSM1714250,0.0
GSM1714252,0.0
GSM1714253,0.0
GSM1714258,0.0
GSM1714262,0.0
GSM1714276,0.0
GSM1714280,1.0
GSM1714285,1.0
GSM1714287,1.0
GSM1714302,1.0
GSM1714304,1.0
GSM1714313,1.0
GSM1714314,1.0
GSM1714317,1.0
GSM1714325,0.0
GSM1714329,1.0
GSM1714332,1.0
GSM1714335,1.0
GSM1714342,0.0
GSM1714346,1.0
GSM1714347,1.0
GSM1714301,0.0
GSM1714288,1.0
GSM1714322,0.0
GSM1714275,0.0
GSM1714270,0.0
GSM1714265,0.0
GSM1714266,0.0
GSM1714349,1.0
GSM1714331,1.0
GSM1714267,0.0
GSM1714281,1.0
GSM1714251,0.0
GSM1714328,0.0
GSM1714273,0.0
GSM1714284,1.0
GSM1714295,0.0
GSM1714341,0.0
GSM1714290,1.0
GSM1714261,0.0
GSM1714271,0.0
GSM1714298,0.0
GSM1714303,1.0
GSM1714305,1.0
GSM1714306,1.0
GSM1714307,1.0
GSM1714310,1.0
GSM1714312,1.0
GSM1714318,1.0
GSM1714326,0.0
GSM1714333,1.0
GSM1714339,0.0
GSM1714343,0.0
GSM1714344,0.0
GSM1714350,1.0
GSM1714315,1.0
GSM1714269,0.0
GSM1714309,1.0
GSM1714337,0.0
GSM1714308,1.0
GSM1714316,1.0
GSM1714279,0.0
GSM1714256,0.0
GSM1714264,0.0
GSM1714274,0.0
GSM1714277,0.0
GSM1714278,0.0
GSM1714283,1.0
GSM1714292,1.0
GSM1714294,0.0
GSM1714296,0.0
GSM1714311,1.0
GSM1714319,0.0
GSM1714320,0.0
GSM1714324,0.0
GSM1714338,0.0
GSM1714355,0.0
GSM1714366,0.0
GSM1714367,0.0
GSM1714369,0.0
GSM1714373,1.0
GSM1714376,1.0
GSM1714378,1.0
GSM1714391,0.0
GSM1714392,0.0
GSM1970644,0.0
GSM1970645,0.0
GSM1970647,0.0
GSM1970648,0.0
GSM1970652,0.0
GSM1970654,0.0
GSM1970659,0.0
GSM1970660,0.0
GSM1970662,0.0
GSM1970674,0.0
GSM1970677,0.0
GSM1970681,0.0
GSM1970685,0.0
GSM1970686,0.0
GSM1970695,0.0
GSM1714358,0.0
GSM1714382,0.0
GSM1714361,0.0
GSM1714368,0.0
GSM1714364,0.0
GSM1714389,0.0
GSM1714394,0.0
GSM1714385,0.0
GSM1714370,0.0
GSM1714363,0.0
GSM1970679,0.0
GSM1970671,0.0
GSM1970667,0.0
GSM1970694,0.0
GSM1970688,0.0
GSM1970642,0.0
GSM1970673,0.0
GSM1970690,0.0
GSM1714352,1.0
GSM1714353,1.0
GSM1714360,0.0
GSM1714375,1.0
GSM1714380,1.0
GSM1714383,0.0
GSM1714388,0.0
GSM1714393,0.0
GSM1714395,0.0
GSM1970643,0.0
GSM1970646,0.0
GSM1970649,0.0
GSM1970658,0.0
GSM1970666,0.0
GSM1970672,0.0
GSM1970675,0.0
GSM1970683,0.0
GSM1970684,0.0
GSM1970687,0.0
GSM1714377,1.0
GSM1970655,0.0
GSM1970669,0.0
GSM1970665,0.0
GSM1970680,0.0
GSM1970663,0.0
GSM1970656,0.0
GSM1970682,0.0
GSM1970693,0.0
GSM1714351,1.0
GSM1714362,0.0
GSM1714371,0.0
GSM1714374,1.0
GSM1714387,0.0
GSM1970651,0.0
GSM1970653,0.0
GSM1970700,1.0
GSM1970710,0.0
GSM1970723,0.0
GSM1970735,0.0
GSM1970738,0.0
GSM1970746,1.0
GSM1970756,0.0
GSM1970761,0.0
GSM1970762,0.0
GSM1970766,1.0
GSM1970768,1.0
GSM1970769,1.0
GSM1970771,1.0
GSM1970772,1.0
GSM1970774,1.0
GSM1970779,1.0
GSM1970780,0.0
GSM1970782,0.0
GSM2301568,0.0
GSM2301574,0.0
GSM1970757,0.0
GSM1970755,1.0
GSM1970754,1.0
GSM1970698,1.0
GSM1970701,1.0
GSM1970760,0.0
GSM1970777,1.0
GSM1970721,0.0
GSM1970729,1.0
GSM1970717,1.0
GSM1970697,0.0
GSM1970702,1.0
GSM1970708,0.0
GSM1970709,0.0
GSM1970716,1.0
GSM1970718,1.0
GSM1970719,1.0
GSM1970720,0.0
GSM1970724,0.0
GSM1970727,1.0
GSM1970728,1.0
GSM1970732,1.0
GSM1970736,1.0
GSM1970737,1.0
GSM1970741,0.0
GSM1970744,1.0
GSM1970750,1.0
GSM1970751,1.0
GSM1970759,0.0
GSM1970764,0.0
GSM1970765,0.0
GSM1970770,1.0
GSM2301569,0.0
GSM1970747,1.0
GSM1970726,1.0
GSM1970767,1.0
GSM1970781,0.0
GSM1970704,0.0
GSM1970733,1.0
GSM1970707,0.0
GSM1970745,1.0
GSM1970758,0.0
GSM1970703,1.0
GSM2301572,0.0
GSM2301575,0.0
GSM1970705,0.0
GSM1970706,0.0
GSM1970711,0.0
GSM1970713,1.0
GSM1970714,1.0
GSM1970715,1.0
GSM1970725,0.0
GSM1970731,1.0
GSM1970742,0.0
GSM1970748,1.0
GSM1970752,1.0
GSM1558604,0.0
GSM1558603,1.0
GSM1558605,1.0
GSM469901,0.0
GSM469902,0.0
GSM469904,0.0
GSM469903,0.0
GSM469905,0.0
GSM464345,0.0
GSM464348,0.0
GSM464347,0.0
GSM464346,0.0
GSM464349,0.0
GSM1155381,0.0
GSM1155386,0.0
GSM1155383,0.0
GSM1155377,0.0
GSM1155376,0.0
GSM481215,0.0
GSM481217,0.0
GSM481216,0.0
GSM198602,1.0
GSM198603,1.0
GSM198604,1.0
GSM198606,0.0
GSM198605,1.0
GSM2759279,1.0
GSM2759281,0.0
GSM2759277,1.0
GSM2759280,0.0
GSM2759278,1.0
GSM180460,0.0
GSM180463,0.0
GSM180458,0.0
GSM180464,0.0
GSM180465,0.0
GSM1909245,0.0
GSM1909249,0.0
GSM1909248,0.0
GSM1909246,0.0
GSM1909247,0.0
GSM1333055,1.0
GSM1333058,0.0
GSM1333056,1.0
GSM1333057,0.0
GSM2331283,0.0
GSM2331286,0.0
GSM2331285,0.0
GSM2331287,0.0
GSM2331284,0.0
GSM1606161,0.0
GSM1606160,0.0
GSM1606157,0.0
GSM1606158,0.0
GSM1606159,0.0
GSM1664713,1.0
GSM1664712,1.0
GSM1664700,1.0
GSM1664718,0.0
GSM1664708,1.0
GSM2832513,0.0
GSM2832516,1.0
GSM2832515,0.0
GSM2832514,1.0
GSM2832517,1.0
GSM1024523,0.0
GSM1024525,0.0
GSM1024521,0.0
GSM1024522,0.0
GSM1024524,0.0
GSM798666,0.0
GSM798668,0.0
GSM798667,0.0
GSM798670,0.0
GSM798669,0.0
GSM500961,1.0
GSM500964,0.0
GSM500963,1.0
GSM500962,0.0
GSM329155,1.0
GSM329202,0.0
GSM329195,1.0
GSM329201,0.0
GSM2639561,0.0
GSM2639562,0.0
GSM2639563,1.0
GSM2639564,0.0
GSM2639565,0.0
GSM588578,0.0
GSM588579,0.0
GSM588582,0.0
GSM588581,0.0
GSM588580,0.0
GSM586093,1.0
GSM586094,1.0
GSM586095,1.0
GSM586091,1.0
GSM586092,1.0
GSM2928188,0.0
GSM2928185,0.0
GSM2928187,0.0
GSM2928184,0.0
GSM2928186,0.0
GSM741691,0.0
GSM741692,0.0
GSM741694,0.0
GSM741693,0.0
GSM741695,0.0
GSM741690,0.0
GSM1116933,0.0
GSM1116934,0.0
GSM1116936,0.0
GSM1116937,0.0
GSM1116935,0.0
GSM3026835,1.0
GSM3026839,1.0
GSM3026836,1.0
GSM3026837,0.0
GSM2857824,0.0
GSM2857826,0.0
GSM2857825,0.0
GSM2857822,0.0
GSM2857823,0.0
GSM1433008,0.0
GSM1433007,0.0
GSM1433010,0.0
GSM1433009,0.0
GSM1433011,0.0
GSM1226587,0.0
GSM1226589,0.0
GSM1226591,0.0
GSM1226588,0.0
GSM1226590,0.0
GSM1702006,0.0
GSM1702010,0.0
GSM1702008,0.0
GSM1702007,0.0
GSM1702009,0.0
GSM1861946,0.0
GSM1861945,0.0
GSM1861947,0.0
GSM1861944,0.0
GSM967433,0.0
GSM967430,1.0
GSM967431,1.0
GSM967432,0.0
GSM1635846,1.0
GSM1635848,0.0
GSM1635847,1.0
GSM1635849,0.0
GSM1635850,0.0
GSM2062307,0.0
GSM2062309,0.0
GSM2062308,0.0
GSM2062306,0.0
GSM2062310,0.0
GSM713202,0.0
GSM713199,0.0
GSM713200,0.0
GSM713198,0.0
GSM713201,0.0
GSM257591,0.0
GSM257617,1.0
GSM257593,0.0
GSM257620,1.0
GSM257589,0.0
GSM257622,1.0
GSM2247848,0.0
GSM2247844,0.0
GSM2247846,0.0
GSM2247847,0.0
GSM2247845,0.0
GSM3398131,0.0
GSM3398129,0.0
GSM3398130,0.0
GSM3398127,0.0
GSM3398128,0.0
GSM324341,0.0
GSM324343,0.0
GSM324344,0.0
GSM324340,0.0
GSM324342,0.0
GSM2648237,0.0
GSM2648238,0.0
GSM2648239,0.0
GSM2648235,0.0
GSM2648236,0.0
GSM415388,1.0
GSM415390,1.0
GSM415386,1.0
GSM415387,1.0
GSM415389,1.0
GSM2990628,0.0
GSM2990631,0.0
GSM2990634,1.0
GSM2990644,0.0
GSM2990643,0.0
GSM2126995,1.0
GSM2126999,1.0
GSM2126997,1.0
GSM2127003,1.0
GSM2127001,1.0
GSM797554,1.0
GSM797555,1.0
GSM797553,1.0
GSM797551,1.0
GSM797552,1.0
GSM3403214,0.0
GSM3403220,0.0
GSM3403217,0.0
GSM3403215,0.0
GSM3403219,0.0
GSM1468716,0.0
GSM1468714,0.0
GSM1468715,0.0
GSM65386,0.0
GSM65385,0.0
GSM65387,0.0
GSM65412,0.0
GSM3028495,0.0
GSM3028493,0.0
GSM3028494,0.0
GSM3028497,0.0
GSM3028496,0.0
GSM923562,0.0
GSM923563,0.0
GSM923565,0.0
GSM923561,0.0
GSM923564,0.0
GSM2043579,0.0
GSM2043578,0.0
GSM2043577,0.0
GSM2043580,0.0
GSM2043581,0.0
GSM1564340,1.0
GSM1564342,0.0
GSM1564343,0.0
GSM1564341,1.0
GSM3383882,0.0
GSM3383884,0.0
GSM3383881,0.0
GSM3383883,0.0
GSM3383885,0.0
GSM1694231,0.0
GSM1694232,0.0
GSM1694234,1.0
GSM1694230,0.0
GSM1694233,1.0
GSM1400742,0.0
GSM1400743,0.0
GSM1400744,0.0
GSM1400741,0.0
GSM1400745,0.0
GSM1056653,1.0
GSM1056649,0.0
GSM1056634,1.0
GSM1056670,1.0
GSM1056686,1.0
GSM931675,0.0
GSM931676,0.0
GSM931674,0.0
GSM931677,0.0
GSM931678,0.0
GSM2717624,1.0
GSM2717592,1.0
GSM2717613,1.0
GSM2717628,1.0
GSM2717622,1.0
GSM1318374,0.0
GSM1318377,0.0
GSM1318372,0.0
GSM1318378,0.0
GSM1318379,0.0
GSM1318376,0.0
GSM1318380,0.0
GSM1318382,0.0
GSM1318373,0.0
GSM1318383,0.0
GSM1318375,0.0
GSM1318381,0.0
GSM1318386,0.0
GSM1318387,0.0
GSM1318390,0.0
GSM1318394,0.0
GSM1318397,0.0
GSM1318402,0.0
GSM1318409,0.0
GSM1318415,0.0
GSM1318423,0.0
GSM1318427,0.0
GSM1318434,0.0
GSM1318435,0.0
GSM1318437,0.0
GSM1318438,0.0
GSM1318460,0.0
GSM1318461,0.0
GSM1318463,0.0
GSM1318466,0.0
GSM1318482,0.0
GSM1318483,0.0
GSM1318396,0.0
GSM1318398,0.0
GSM1318403,0.0
GSM1318404,0.0
GSM1318408,0.0
GSM1318413,0.0
GSM1318424,0.0
GSM1318425,0.0
GSM1318428,0.0
GSM1318432,0.0
GSM1318442,0.0
GSM1318444,0.0
GSM1318448,0.0
GSM1318451,0.0
GSM1318452,0.0
GSM1318453,0.0
GSM1318465,0.0
GSM1318468,0.0
GSM1318469,0.0
GSM1318477,0.0
GSM1318389,0.0
GSM1318399,0.0
GSM1318405,0.0
GSM1318411,0.0
GSM1318412,0.0
GSM1318416,0.0
GSM1318417,0.0
GSM1318421,0.0
GSM1318422,0.0
GSM1318426,0.0
GSM1318429,0.0
GSM1318433,0.0
GSM1318436,0.0
GSM1318440,0.0
GSM1318445,0.0
GSM1318447,0.0
GSM1318454,0.0
GSM1318456,0.0
GSM1318467,0.0
GSM1318471,0.0
GSM1318476,0.0
GSM1318479,0.0
GSM1318480,0.0
GSM1318388,0.0
GSM1318400,0.0
GSM1318406,0.0
GSM1318407,0.0
GSM1318419,0.0
GSM1318430,0.0
GSM1318431,0.0
GSM1318446,0.0
GSM1318449,0.0
GSM1318455,0.0
GSM1318457,0.0
GSM1318458,0.0
GSM1318470,0.0
GSM1318472,0.0
GSM1318475,0.0
GSM1318478,0.0
GSM1318384,0.0
GSM1318385,0.0
GSM1318391,0.0
GSM1318392,0.0
GSM1318393,0.0
GSM1318395,0.0
GSM1318401,0.0
GSM1318410,0.0
GSM1318414,0.0
GSM1318418,0.0
GSM1318420,0.0
GSM1318439,0.0
GSM1318441,0.0
GSM1318443,0.0
GSM1318450,0.0
GSM1318459,0.0
GSM1318462,0.0
GSM1318464,0.0
GSM1318473,0.0
GSM1318474,0.0
GSM1318481,0.0
GSM1318488,0.0
GSM1318492,0.0
GSM1318491,0.0
GSM1318495,0.0
GSM1318500,0.0
GSM1318502,0.0
GSM1318503,0.0
GSM1318484,0.0
GSM1318486,0.0
GSM1318487,0.0
GSM1318493,0.0
GSM1318496,0.0
GSM1318497,0.0
GSM1318501,0.0
GSM1318490,0.0
GSM1318494,0.0
GSM1318498,0.0
GSM1318499,0.0
GSM1318485,0.0
GSM1318489,0.0
GSM562373,0.0
GSM562375,0.0
GSM562372,0.0
GSM562371,0.0
GSM562374,0.0
GSM1072755,0.0
GSM1072758,0.0
GSM1072756,0.0
GSM1072757,0.0
GSM1072754,0.0
GSM159339,0.0
GSM159306,1.0
GSM159305,1.0
GSM159340,0.0
GSM159303,1.0
GSM1585567,0.0
GSM1585563,1.0
GSM1585566,0.0
GSM1585564,1.0
GSM1585565,1.0
GSM2142312,1.0
GSM2142314,1.0
GSM2142315,1.0
GSM2142311,1.0
GSM2142313,1.0
GSM2839783,0.0
GSM2839786,0.0
GSM2839785,0.0
GSM2839784,0.0
GSM2839787,0.0
GSM109802,0.0
GSM109801,0.0
GSM109804,0.0
GSM109803,0.0
GSM109805,0.0
GSM1940916,1.0
GSM1940917,1.0
GSM1940918,1.0
GSM1940919,1.0
GSM1940915,1.0
GSM1001518,1.0
GSM1001523,1.0
GSM1001529,1.0
GSM1001515,1.0
GSM1001516,1.0
GSM1001517,1.0
GSM1001519,0.0
GSM1001521,0.0
GSM1001510,1.0
GSM1001511,1.0
GSM1001513,1.0
GSM1001514,1.0
GSM1001525,0.0
GSM1001526,0.0
GSM1001531,1.0
GSM1001532,0.0
GSM1001533,0.0
GSM1001512,1.0
GSM1001520,1.0
GSM1001522,1.0
GSM1001527,0.0
GSM1001528,1.0
GSM1001530,1.0
GSM1001524,0.0
GSM1001536,1.0
GSM1001538,1.0
GSM1001540,1.0
GSM1001549,1.0
GSM1001550,1.0
GSM1001551,1.0
GSM1001553,1.0
GSM1001556,1.0
GSM1001558,1.0
GSM1001561,1.0
GSM1001563,1.0
GSM1001573,1.0
GSM1001575,1.0
GSM1001576,1.0
GSM1001582,1.0
GSM1001592,0.0
GSM1001597,1.0
GSM1001600,1.0
GSM1001617,0.0
GSM1001620,0.0
GSM1001622,0.0
GSM1001625,0.0
GSM1001628,0.0
GSM1001629,0.0
GSM1001631,0.0
GSM1001543,1.0
GSM1001559,0.0
GSM1001566,1.0
GSM1001567,1.0
GSM1001568,1.0
GSM1001571,0.0
GSM1001579,1.0
GSM1001586,1.0
GSM1001587,1.0
GSM1001588,1.0
GSM1001589,1.0
GSM1001594,0.0
GSM1001598,1.0
GSM1001609,1.0
GSM1001611,0.0
GSM1001612,0.0
GSM1001616,0.0
GSM1001537,0.0
GSM1001541,1.0
GSM1001544,1.0
GSM1001552,1.0
GSM1001554,1.0
GSM1001557,1.0
GSM1001569,1.0
GSM1001570,1.0
GSM1001574,1.0
GSM1001578,1.0
GSM1001584,1.0
GSM1001585,1.0
GSM1001590,1.0
GSM1001591,1.0
GSM1001595,1.0
GSM1001601,1.0
GSM1001603,1.0
GSM1001607,1.0
GSM1001534,1.0
GSM1001539,1.0
GSM1001547,1.0
GSM1001548,1.0
GSM1001560,1.0
GSM1001562,1.0
GSM1001572,1.0
GSM1001577,0.0
GSM1001580,1.0
GSM1001583,1.0
GSM1001599,0.0
GSM1001602,1.0
GSM1001605,1.0
GSM1001606,1.0
GSM1001608,1.0
GSM1001614,0.0
GSM1001615,0.0
GSM1001618,0.0
GSM1001619,0.0
GSM1001621,0.0
GSM1001623,0.0
GSM1001626,0.0
GSM1001630,0.0
GSM1001632,0.0
GSM1001633,0.0
GSM1001535,1.0
GSM1001542,1.0
GSM1001545,1.0
GSM1001546,1.0
GSM1001555,1.0
GSM1001564,1.0
GSM1001565,1.0
GSM1001581,0.0
GSM1001593,0.0
GSM1001596,1.0
GSM1001604,1.0
GSM1001610,0.0
GSM1001613,0.0
GSM1001624,0.0
GSM1001627,0.0
GSM1001636,0.0
GSM1001653,0.0
GSM1001655,0.0
GSM1001656,0.0
GSM1001658,0.0
GSM1001667,0.0
GSM1001668,0.0
GSM1001669,0.0
GSM1001670,0.0
GSM1001672,0.0
GSM1001673,0.0
GSM1001678,0.0
GSM1001679,0.0
GSM1001683,0.0
GSM1001693,0.0
GSM1001694,0.0
GSM1001696,0.0
GSM1001698,0.0
GSM1001643,0.0
GSM1001648,0.0
GSM1001649,0.0
GSM1001650,0.0
GSM1001663,0.0
GSM1001664,0.0
GSM1001674,0.0
GSM1001677,0.0
GSM1001685,0.0
GSM1001697,0.0
GSM1001703,0.0
GSM1001634,0.0
GSM1001638,0.0
GSM1001644,0.0
GSM1001646,0.0
GSM1001657,0.0
GSM1001671,0.0
GSM1001676,0.0
GSM1001681,0.0
GSM1001690,0.0
GSM1001699,0.0
GSM1001701,0.0
GSM1001639,0.0
GSM1001640,0.0
GSM1001641,0.0
GSM1001645,0.0
GSM1001647,0.0
GSM1001652,0.0
GSM1001654,0.0
GSM1001662,0.0
GSM1001665,0.0
GSM1001680,0.0
GSM1001684,0.0
GSM1001695,0.0
GSM1001702,0.0
GSM1001635,0.0
GSM1001637,0.0
GSM1001642,0.0
GSM1001651,0.0
GSM1001659,0.0
GSM1001660,0.0
GSM1001661,0.0
GSM1001666,0.0
GSM1001675,0.0
GSM1001682,0.0
GSM1001686,0.0
GSM1001687,0.0
GSM1001688,0.0
GSM1001689,0.0
GSM1001691,0.0
GSM1001692,0.0
GSM1001700,0.0
GSM892841,1.0
GSM892843,1.0
GSM892840,1.0
GSM892842,1.0
GSM892844,1.0
GSM1867755,0.0
GSM1867757,0.0
GSM1867758,0.0
GSM1867761,0.0
GSM1867759,0.0
GSM1412991,1.0
GSM1412992,1.0
GSM1412994,0.0
GSM1412993,0.0
GSM2695582,0.0
GSM2695580,0.0
GSM2695575,0.0
GSM2695583,0.0
GSM2695588,0.0
GSM2695584,0.0
GSM2695585,0.0
GSM2695576,0.0
GSM984686,0.0
GSM984688,0.0
GSM984689,0.0
GSM984690,0.0
GSM984687,0.0
GSM1009547,0.0
GSM1009543,0.0
GSM1009545,0.0
GSM1009557,0.0
GSM1009564,0.0
GSM1004103,0.0
GSM1004105,0.0
GSM1004102,0.0
GSM1004101,0.0
GSM1004104,0.0
GSM379690,0.0
GSM379692,0.0
GSM379691,0.0
GSM2931245,1.0
GSM2931246,1.0
GSM2931247,1.0
GSM2931244,1.0
GSM2931248,1.0
GSM2288517,1.0
GSM2288518,1.0
GSM2288515,1.0
GSM2288516,1.0
GSM507266,0.0
GSM507264,0.0
GSM507269,0.0
GSM507262,0.0
GSM507265,0.0
GSM507267,0.0
GSM507271,0.0
GSM507261,0.0
GSM507263,0.0
GSM507268,0.0
GSM507270,0.0
GSM1091968,0.0
GSM1091966,0.0
GSM1091967,0.0
GSM1091965,0.0
GSM1091969,0.0
GSM402533,0.0
GSM402529,0.0
GSM402531,0.0
GSM402532,0.0
GSM402534,0.0
GSM1065372,0.0
GSM1065370,0.0
GSM1065371,1.0
GSM1065369,1.0
GSM44871,0.0
GSM44874,0.0
GSM44870,0.0
GSM44872,0.0
GSM44873,0.0
GSM2772638,0.0
GSM2772636,0.0
GSM2772637,0.0
GSM2772639,0.0
GSM2772640,0.0
GSM213805,0.0
GSM213808,0.0
GSM213810,0.0
GSM213806,0.0
GSM213807,0.0
GSM556732,0.0
GSM556751,1.0
GSM556746,0.0
GSM556750,1.0
GSM556719,0.0
GSM556748,1.0
GSM808092,0.0
GSM808093,0.0
GSM808089,0.0
GSM808091,0.0
GSM304278,1.0
GSM304280,1.0
GSM304268,1.0
GSM304269,0.0
GSM304279,0.0
GSM3009669,1.0
GSM3009665,1.0
GSM3009671,1.0
GSM3009667,1.0
GSM1906547,0.0
GSM1906548,0.0
GSM1906544,1.0
GSM1906545,1.0
GSM1906546,1.0
GSM1904502,0.0
GSM1904504,0.0
GSM1904505,0.0
GSM1904501,0.0
GSM1904503,0.0
GSM1622641,0.0
GSM1622639,0.0
GSM1622640,0.0
GSM1622638,0.0
GSM1622642,0.0
GSM2800651,1.0
GSM2800652,1.0
GSM2800653,1.0
GSM2800654,0.0
GSM2800655,0.0
GSM1276663,0.0
GSM1276661,0.0
GSM1276662,0.0
GSM1276660,0.0
GSM1276664,0.0
GSM814513,0.0
GSM879437,0.0
GSM814510,0.0
GSM814512,0.0
GSM814511,0.0
GSM2757236,0.0
GSM2757233,0.0
GSM2757234,0.0
GSM2757235,0.0
GSM2135534,1.0
GSM2135535,1.0
GSM2135536,1.0
GSM2135533,1.0
GSM2135532,1.0
GSM590289,0.0
GSM590290,0.0
GSM590291,0.0
GSM590288,0.0
GSM2395506,1.0
GSM2395510,0.0
GSM2395509,1.0
GSM1626582,1.0
GSM1626581,1.0
GSM1626583,1.0
GSM1626584,1.0
GSM1363319,1.0
GSM1363320,1.0
GSM1363321,1.0
GSM1363317,1.0
GSM1363318,1.0
GSM1103455,0.0
GSM1103456,0.0
GSM1103453,0.0
GSM1103454,0.0
GSM1970980,0.0
GSM1970981,0.0
GSM1970983,0.0
GSM1970982,0.0
GSM1970984,0.0
GSM952514,1.0
GSM952513,1.0
GSM952532,0.0
GSM952511,1.0
GSM952519,1.0
GSM2255666,0.0
GSM2255665,0.0
GSM2255663,0.0
GSM2255664,0.0
GSM1562285,1.0
GSM1562288,1.0
GSM1562286,1.0
GSM1562289,1.0
GSM265442,0.0
GSM265443,0.0
GSM265437,0.0
GSM265438,0.0
GSM265440,0.0
GSM265441,0.0
GSM265434,0.0
GSM265435,0.0
GSM1430918,0.0
GSM1430906,0.0
GSM1430913,0.0
GSM1430907,0.0
GSM1430910,0.0
GSM1307466,0.0
GSM1307467,0.0
GSM1307463,0.0
GSM1307465,0.0
GSM1307464,0.0
GSM402520,0.0
GSM402526,0.0
GSM402527,0.0
GSM910397,1.0
GSM910396,1.0
GSM910398,1.0
GSM910399,1.0
GSM910400,1.0
GSM2025003,0.0
GSM2024999,0.0
GSM2025000,0.0
GSM2025001,1.0
GSM2025002,0.0
GSM1847301,0.0
GSM1847303,0.0
GSM1847299,0.0
GSM1847300,0.0
GSM1847302,0.0
GSM1587584,0.0
GSM1587583,0.0
GSM1587581,0.0
GSM1587582,0.0
GSM1587585,0.0
GSM515254,1.0
GSM515256,1.0
GSM515253,1.0
GSM515255,1.0
GSM2086935,0.0
GSM2086937,0.0
GSM2086938,0.0
GSM2086936,0.0
GSM2742123,1.0
GSM2742126,1.0
GSM2742127,0.0
GSM2742124,1.0
GSM2742125,1.0
GSM1648778,0.0
GSM1648781,0.0
GSM1648785,0.0
GSM1648787,0.0
GSM1648779,0.0
GSM3371634,0.0
GSM3371635,0.0
GSM3371636,0.0
GSM3371633,0.0
GSM3371632,0.0
GSM2835526,0.0
GSM2835529,0.0
GSM2835532,0.0
GSM2835531,0.0
GSM2835533,0.0
GSM6738,1.0
GSM6739,1.0
GSM6741,1.0
GSM6742,1.0
GSM6740,1.0
GSM2441393,0.0
GSM2441394,0.0
GSM2441395,0.0
GSM2441392,0.0
GSM2441396,0.0
GSM764673,0.0
GSM764676,0.0
GSM764674,0.0
GSM764675,0.0
GSM764677,0.0
GSM1863562,1.0
GSM1863576,1.0
GSM1863580,1.0
GSM1863586,0.0
GSM1863592,0.0
GSM1863593,0.0
GSM1863564,1.0
GSM1863569,1.0
GSM1863571,1.0
GSM1863581,1.0
GSM1863583,1.0
GSM1863590,0.0
GSM1863591,0.0
GSM1863565,1.0
GSM1863567,1.0
GSM1863570,1.0
GSM1863577,1.0
GSM1863595,0.0
GSM1863598,0.0
GSM1863566,1.0
GSM1863572,1.0
GSM1863597,0.0
GSM1863599,0.0
GSM1863601,0.0
GSM1863563,1.0
GSM1863575,1.0
GSM1863585,1.0
GSM1863587,0.0
GSM1863588,0.0
GSM1863594,0.0
GSM1863568,1.0
GSM1863574,1.0
GSM1863578,1.0
GSM1863579,1.0
GSM1863582,1.0
GSM1863589,0.0
GSM1863584,1.0
GSM1863801,1.0
GSM1863802,1.0
GSM1863803,1.0
GSM1863805,1.0
GSM1863808,1.0
GSM1863822,1.0
GSM1863823,1.0
GSM1863831,0.0
GSM1863833,0.0
GSM1863834,0.0
GSM1863846,0.0
GSM1863758,1.0
GSM1863759,1.0
GSM1863777,1.0
GSM1863779,0.0
GSM1863793,0.0
GSM1863797,0.0
GSM1863799,0.0
GSM1863602,0.0
GSM1863605,0.0
GSM1863772,1.0
GSM1863773,1.0
GSM1863774,1.0
GSM1863782,0.0
GSM1863783,0.0
GSM1863785,0.0
GSM1863792,0.0
GSM1863794,0.0
GSM1863804,1.0
GSM1863810,1.0
GSM1863827,0.0
GSM1863832,0.0
GSM1863840,0.0
GSM1863761,1.0
GSM1863762,1.0
GSM1863765,1.0
GSM1863807,1.0
GSM1863812,1.0
GSM1863819,1.0
GSM1863825,0.0
GSM1863847,0.0
GSM1863763,1.0
GSM1863764,1.0
GSM1863766,1.0
GSM1863770,1.0
GSM1863780,0.0
GSM1863781,0.0
GSM1863788,0.0
GSM1863789,0.0
GSM1863791,0.0
GSM1863795,0.0
GSM1863798,0.0
GSM1863800,0.0
GSM1863604,0.0
GSM1863756,1.0
GSM1863760,1.0
GSM1863769,1.0
GSM1863776,1.0
GSM1863809,1.0
GSM1863813,1.0
GSM1863830,0.0
GSM1863838,0.0
GSM1863841,0.0
GSM1863848,0.0
GSM1863820,1.0
GSM1863828,0.0
GSM1863767,1.0
GSM1863786,0.0
GSM1863835,0.0
GSM1863843,0.0
GSM1863606,0.0
GSM1863607,0.0
GSM1863851,1.0
GSM1863868,1.0
GSM1863869,1.0
GSM1863883,0.0
GSM1863885,0.0
GSM1863886,0.0
GSM1863891,0.0
GSM1863850,1.0
GSM1863854,1.0
GSM1863855,1.0
GSM1863856,1.0
GSM1863859,1.0
GSM1863863,1.0
GSM1863872,1.0
GSM1863874,0.0
GSM1863882,0.0
GSM1863896,0.0
GSM1863897,1.0
GSM1863906,1.0
GSM1863911,1.0
GSM1863912,1.0
GSM1863915,1.0
GSM1863920,1.0
GSM1863921,0.0
GSM1863922,0.0
GSM1863927,0.0
GSM1863937,0.0
GSM1863904,1.0
GSM1863905,1.0
GSM1863909,1.0
GSM1863910,1.0
GSM1863913,1.0
GSM1863914,1.0
GSM1863917,1.0
GSM1863926,0.0
GSM1863928,0.0
GSM1863936,0.0
GSM1863940,0.0
GSM1863861,1.0
GSM1863873,0.0
GSM1863879,0.0
GSM1863881,0.0
GSM1863893,0.0
GSM1863895,0.0
GSM1863858,1.0
GSM1863864,1.0
GSM1863866,1.0
GSM1863867,1.0
GSM1863870,1.0
GSM1863875,0.0
GSM1863876,0.0
GSM1863877,0.0
GSM1863887,0.0
GSM1863898,1.0
GSM1863899,1.0
GSM1863929,0.0
GSM1863932,0.0
GSM1863939,0.0
GSM1863942,0.0
GSM1863908,1.0
GSM1863934,0.0
GSM1863900,1.0
GSM1863903,1.0
GSM1863916,1.0
GSM1863930,0.0
GSM1863938,0.0
GSM1863941,0.0
GSM1863860,1.0
GSM1863862,1.0
GSM1863888,0.0
GSM1863892,0.0
GSM1863894,0.0
GSM1863849,1.0
GSM1863871,1.0
GSM1863884,0.0
GSM1863889,0.0
GSM1548714,1.0
GSM1548717,1.0
GSM1548713,1.0
GSM1548715,0.0
GSM1014793,0.0
GSM1014792,0.0
GSM1014796,0.0
GSM1014797,0.0
GSM1014794,0.0
GSM2794458,0.0
GSM2794459,0.0
GSM2794461,0.0
GSM2794460,0.0
GSM2794462,0.0
GSM1810237,0.0
GSM1810234,0.0
GSM1810235,0.0
GSM1810236,0.0
GSM1416751,0.0
GSM1416748,0.0
GSM1416750,0.0
GSM1416752,0.0
GSM1416749,0.0
GSM2724402,1.0
GSM2724400,1.0
GSM2724403,0.0
GSM2724399,1.0
GSM3521737,0.0
GSM3521738,1.0
GSM3521741,1.0
GSM3521739,1.0
GSM3521740,0.0
GSM563849,0.0
GSM563850,0.0
GSM563851,0.0
GSM2176933,0.0
GSM2176937,0.0
GSM2176935,1.0
GSM2176934,1.0
GSM2176936,0.0
GSM1708529,1.0
GSM1708527,1.0
GSM1708528,0.0
GSM1708525,1.0
GSM1708526,0.0
GSM1518565,1.0
GSM1518563,1.0
GSM1518564,1.0
GSM1518566,1.0
GSM82225,0.0
GSM82227,0.0
GSM82224,0.0
GSM82226,0.0
GSM2538277,1.0
GSM2538279,1.0
GSM2538276,1.0
GSM2538278,1.0
GSM2538280,0.0
GSM1581927,1.0
GSM1581931,0.0
GSM1581928,1.0
GSM1581929,1.0
GSM1581930,0.0
GSM1122297,0.0
GSM1122296,0.0
GSM1122300,0.0
GSM1122298,0.0
GSM1122299,0.0
GSM1602510,0.0
GSM1602511,0.0
GSM1602513,0.0
GSM1602512,0.0
GSM1602514,0.0
GSM362289,0.0
GSM362288,0.0
GSM360119,0.0
GSM362290,0.0
GSM3081852,0.0
GSM3081854,0.0
GSM3081856,0.0
GSM3081853,0.0
GSM3081855,0.0
GSM2704084,0.0
GSM2704080,0.0
GSM2704081,0.0
GSM2704082,0.0
GSM2704083,0.0
GSM1134906,0.0
GSM1134907,0.0
GSM1134905,0.0
GSM1134908,0.0
GSM1134904,0.0
GSM1467250,0.0
GSM1467251,0.0
GSM1467248,1.0
GSM1467249,1.0
GSM2501292,0.0
GSM2501290,0.0
GSM2501288,0.0
GSM2501289,0.0
GSM1077129,0.0
GSM1077132,0.0
GSM1077128,0.0
GSM1077131,0.0
GSM1544083,0.0
GSM1544081,0.0
GSM1544084,0.0
GSM1544085,0.0
GSM1544082,0.0
GSM2865613,1.0
GSM2865608,1.0
GSM2865614,1.0
GSM2865620,0.0
GSM2865607,0.0
GSM2642932,1.0
GSM2642935,1.0
GSM2642931,1.0
GSM2642933,1.0
GSM2642934,1.0
GSM1230701,1.0
GSM1230706,0.0
GSM1230712,1.0
GSM1230715,0.0
GSM1230718,0.0
GSM1230719,1.0
GSM1230738,1.0
GSM1230746,1.0
GSM1230747,1.0
GSM1230751,0.0
GSM1230761,0.0
GSM1230763,0.0
GSM1230770,0.0
GSM1230772,0.0
GSM1230777,0.0
GSM1230782,1.0
GSM1230783,1.0
GSM1230787,0.0
GSM1230789,0.0
GSM1230791,1.0
GSM1230793,1.0
GSM1230725,0.0
GSM1230726,0.0
GSM1230728,1.0
GSM1230729,1.0
GSM1230731,0.0
GSM1230733,0.0
GSM1230739,1.0
GSM1230745,0.0
GSM1230749,0.0
GSM1230758,0.0
GSM1230766,1.0
GSM1230767,0.0
GSM1230768,0.0
GSM1230774,1.0
GSM1230776,0.0
GSM1230780,0.0
GSM1230788,0.0
GSM1230796,0.0
GSM1230800,1.0
GSM1230801,1.0
GSM1230703,1.0
GSM1230707,0.0
GSM1230708,0.0
GSM1230716,0.0
GSM1230723,0.0
GSM1230727,0.0
GSM1230732,0.0
GSM1230735,0.0
GSM1230737,1.0
GSM1230744,0.0
GSM1230748,1.0
GSM1230752,0.0
GSM1230754,0.0
GSM1230755,1.0
GSM1230757,1.0
GSM1230765,1.0
GSM1230779,0.0
GSM1230781,0.0
GSM1230786,0.0
GSM1230795,0.0
GSM1230798,0.0
GSM1230799,0.0
GSM1230704,0.0
GSM1230705,0.0
GSM1230709,0.0
GSM1230713,0.0
GSM1230717,0.0
GSM1230736,0.0
GSM1230742,0.0
GSM1230743,0.0
GSM1230762,0.0
GSM1230769,0.0
GSM1230773,1.0
GSM1230778,0.0
GSM1230784,1.0
GSM1230785,0.0
GSM1230790,0.0
GSM1230794,0.0
GSM1230702,1.0
GSM1230710,1.0
GSM1230711,1.0
GSM1230714,0.0
GSM1230720,1.0
GSM1230721,1.0
GSM1230722,0.0
GSM1230724,0.0
GSM1230730,1.0
GSM1230734,0.0
GSM1230740,0.0
GSM1230741,0.0
GSM1230750,0.0
GSM1230753,0.0
GSM1230756,1.0
GSM1230759,0.0
GSM1230760,0.0
GSM1230764,1.0
GSM1230771,0.0
GSM1230775,1.0
GSM1230792,1.0
GSM1230797,0.0
GSM1230804,0.0
GSM1230812,0.0
GSM1230813,0.0
GSM1230815,0.0
GSM1230818,1.0
GSM1230823,0.0
GSM1230827,1.0
GSM1230831,0.0
GSM1230833,0.0
GSM1230837,1.0
GSM1230839,0.0
GSM1230846,1.0
GSM1230854,1.0
GSM1230862,0.0
GSM1230864,1.0
GSM1230866,0.0
GSM1230870,0.0
GSM1230871,0.0
GSM1230876,0.0
GSM1230878,0.0
GSM1230887,0.0
GSM1230888,0.0
GSM1230889,0.0
GSM1230803,0.0
GSM1230806,0.0
GSM1230820,1.0
GSM1230822,0.0
GSM1230828,1.0
GSM1230830,0.0
GSM1230834,0.0
GSM1230840,0.0
GSM1230841,0.0
GSM1230845,1.0
GSM1230847,1.0
GSM1230849,0.0
GSM1230851,0.0
GSM1230852,0.0
GSM1230857,0.0
GSM1230863,1.0
GSM1230868,0.0
GSM1230874,1.0
GSM1230875,0.0
GSM1230877,0.0
GSM1230879,0.0
GSM1230883,1.0
GSM1230886,0.0
GSM1230802,1.0
GSM1230807,0.0
GSM1230808,0.0
GSM1230809,1.0
GSM1230811,1.0
GSM1230816,0.0
GSM1230817,0.0
GSM1230832,0.0
GSM1230850,0.0
GSM1230853,0.0
GSM1230865,1.0
GSM1230867,0.0
GSM1230869,0.0
GSM1230881,1.0
GSM1230821,0.0
GSM1230826,0.0
GSM1230829,1.0
GSM1230836,1.0
GSM1230838,1.0
GSM1230842,0.0
GSM1230848,0.0
GSM1230855,1.0
GSM1230858,0.0
GSM1230872,1.0
GSM1230880,0.0
GSM1230882,1.0
GSM1230805,0.0
GSM1230810,1.0
GSM1230814,0.0
GSM1230819,1.0
GSM1230824,0.0
GSM1230825,0.0
GSM1230835,0.0
GSM1230843,0.0
GSM1230844,0.0
GSM1230856,1.0
GSM1230859,0.0
GSM1230860,0.0
GSM1230861,0.0
GSM1230873,1.0
GSM1230884,0.0
GSM1230885,0.0
GSM1215251,1.0
GSM1215249,1.0
GSM1215252,1.0
GSM1215250,1.0
GSM1215253,1.0
GSM2434108,0.0
GSM2434107,0.0
GSM2434110,0.0
GSM2434106,0.0
GSM2434109,0.0
GSM1632143,0.0
GSM1632145,0.0
GSM1632144,0.0
GSM1632146,0.0
GSM2461609,0.0
GSM2461591,0.0
GSM2461644,0.0
GSM2461621,1.0
GSM2461618,0.0
GSM2461633,0.0
GSM2461613,0.0
GSM2461606,0.0
GSM2461590,0.0
GSM2461628,1.0
GSM2461630,1.0
GSM2461614,0.0
GSM1437565,1.0
GSM1437567,1.0
GSM1437566,1.0
GSM1437568,1.0
GSM1437564,1.0
GSM1333124,1.0
GSM1333125,1.0
GSM1333129,0.0
GSM1333132,0.0
GSM1333137,0.0
GSM1333138,0.0
GSM1333139,0.0
GSM1333145,0.0
GSM1333146,0.0
GSM1333147,0.0
GSM1333158,0.0
GSM1333178,0.0
GSM1333187,0.0
GSM1333189,0.0
GSM1333191,0.0
GSM1333192,0.0
GSM1333193,0.0
GSM1333200,0.0
GSM1333140,0.0
GSM1333143,0.0
GSM1333153,0.0
GSM1333154,0.0
GSM1333169,0.0
GSM1333179,0.0
GSM1333183,0.0
GSM1333186,0.0
GSM1333188,0.0
GSM1333197,0.0
GSM1333198,0.0
GSM1333202,0.0
GSM1333126,1.0
GSM1333128,0.0
GSM1333135,0.0
GSM1333136,0.0
GSM1333142,0.0
GSM1333156,0.0
GSM1333157,0.0
GSM1333160,0.0
GSM1333162,0.0
GSM1333163,0.0
GSM1333166,0.0
GSM1333167,0.0
GSM1333168,0.0
GSM1333174,0.0
GSM1333175,0.0
GSM1333176,0.0
GSM1333177,0.0
GSM1333181,0.0
GSM1333182,0.0
GSM1333184,0.0
GSM1333194,0.0
GSM1333196,0.0
GSM1333127,0.0
GSM1333131,0.0
GSM1333133,0.0
GSM1333134,0.0
GSM1333144,0.0
GSM1333151,0.0
GSM1333152,0.0
GSM1333164,0.0
GSM1333170,0.0
GSM1333171,0.0
GSM1333172,0.0
GSM1333173,0.0
GSM1333180,0.0
GSM1333190,0.0
GSM1333195,0.0
GSM1333130,0.0
GSM1333141,0.0
GSM1333148,0.0
GSM1333149,0.0
GSM1333150,0.0
GSM1333155,0.0
GSM1333159,0.0
GSM1333161,0.0
GSM1333165,0.0
GSM1333185,0.0
GSM1333199,0.0
GSM1333201,0.0
GSM1333203,0.0
GSM1333254,0.0
GSM1333259,0.0
GSM1333265,0.0
GSM1333268,0.0
GSM1333271,0.0
GSM1333277,0.0
GSM1333285,0.0
GSM1333286,0.0
GSM1333289,0.0
GSM1333294,0.0
GSM1333302,0.0
GSM1333205,0.0
GSM1333215,0.0
GSM1333219,0.0
GSM1333226,0.0
GSM1333231,0.0
GSM1333233,0.0
GSM1333240,0.0
GSM1333246,1.0
GSM1333251,0.0
GSM1333253,0.0
GSM1333255,0.0
GSM1333257,0.0
GSM1333258,0.0
GSM1333261,0.0
GSM1333262,0.0
GSM1333270,0.0
GSM1333272,0.0
GSM1333273,0.0
GSM1333274,0.0
GSM1333275,0.0
GSM1333276,0.0
GSM1333282,0.0
GSM1333284,0.0
GSM1333293,0.0
GSM1333295,0.0
GSM1333296,0.0
GSM1333297,0.0
GSM1333298,0.0
GSM1333207,0.0
GSM1333211,0.0
GSM1333212,0.0
GSM1333218,0.0
GSM1333225,0.0
GSM1333228,0.0
GSM1333230,0.0
GSM1333234,0.0
GSM1333235,0.0
GSM1333236,0.0
GSM1333238,0.0
GSM1333239,0.0
GSM1333241,0.0
GSM1333245,1.0
GSM1333248,0.0
GSM1333249,0.0
GSM1333252,0.0
GSM1333263,0.0
GSM1333269,0.0
GSM1333278,0.0
GSM1333287,0.0
GSM1333288,0.0
GSM1333290,0.0
GSM1333292,0.0
GSM1333299,0.0
GSM1333301,0.0
GSM1333208,0.0
GSM1333209,0.0
GSM1333217,0.0
GSM1333220,0.0
GSM1333222,0.0
GSM1333224,0.0
GSM1333227,0.0
GSM1333229,0.0
GSM1333232,0.0
GSM1333206,0.0
GSM1333210,0.0
GSM1333213,0.0
GSM1333214,0.0
GSM1333216,0.0
GSM1333221,0.0
GSM1333237,0.0
GSM1333242,0.0
GSM1333243,0.0
GSM1333244,1.0
GSM1333256,0.0
GSM1333264,0.0
GSM1333267,0.0
GSM1333279,0.0
GSM1333281,0.0
GSM1333283,0.0
GSM1333291,0.0
GSM1333247,0.0
GSM1333250,0.0
GSM1333260,0.0
GSM1333266,0.0
GSM1333280,0.0
GSM1333300,0.0
GSM1333303,0.0
GSM1333204,0.0
GSM1333223,0.0
GSM1333327,0.0
GSM1333330,0.0
GSM1333332,0.0
GSM1333333,0.0
GSM1333336,0.0
GSM1333338,0.0
GSM1333356,0.0
GSM1333305,0.0
GSM1333307,0.0
GSM1333309,0.0
GSM1333315,0.0
GSM1333320,0.0
GSM1333322,0.0
GSM1333340,0.0
GSM1333343,0.0
GSM1333344,0.0
GSM1333345,0.0
GSM1333346,0.0
GSM1333355,0.0
GSM1333358,0.0
GSM1333308,0.0
GSM1333318,0.0
GSM1333323,0.0
GSM1333324,0.0
GSM1333325,0.0
GSM1333328,0.0
GSM1333331,0.0
GSM1333334,0.0
GSM1333335,0.0
GSM1333339,0.0
GSM1333341,0.0
GSM1333350,0.0
GSM1333310,0.0
GSM1333311,0.0
GSM1333312,0.0
GSM1333314,0.0
GSM1333319,0.0
GSM1333321,0.0
GSM1333326,0.0
GSM1333337,0.0
GSM1333342,0.0
GSM1333352,0.0
GSM1333353,0.0
GSM1333359,0.0
GSM1333362,0.0
GSM1333363,0.0
GSM2171465,0.0
GSM2171464,0.0
GSM2171466,0.0
GSM2171468,0.0
GSM2171467,0.0
GSM1265831,0.0
GSM1265839,0.0
GSM1265837,0.0
GSM1265808,1.0
GSM1265820,1.0
GSM1367786,1.0
GSM1367787,1.0
GSM1367785,1.0
GSM1367789,1.0
GSM1367788,1.0
GSM2705959,1.0
GSM2705964,1.0
GSM2705970,1.0
GSM2705971,1.0
GSM2705980,1.0
GSM2705975,1.0
GSM2705961,1.0
GSM2705963,1.0
GSM2705966,1.0
GSM2705969,1.0
GSM2705972,1.0
GSM2705977,1.0
GSM2705978,1.0
GSM2705974,1.0
GSM2705967,1.0
GSM2705976,1.0
GSM2705962,1.0
GSM2705965,1.0
GSM2705968,1.0
GSM2705973,1.0
GSM2705979,1.0
GSM2705960,1.0
GSM2705981,1.0
GSM2705982,1.0
GSM2302017,1.0
GSM2302018,1.0
GSM2302019,1.0
GSM2302015,1.0
GSM2302016,1.0
GSM1313629,0.0
GSM1313630,0.0
GSM1313632,0.0
GSM1313628,0.0
GSM1313631,0.0
GSM1152231,1.0
GSM1152233,1.0
GSM1152229,1.0
GSM1152232,1.0
GSM1152230,1.0
GSM2122626,0.0
GSM2122629,1.0
GSM2122625,0.0
GSM2122627,0.0
GSM2122628,1.0
GSM904694,1.0
GSM904695,1.0
GSM904697,0.0
GSM904693,1.0
GSM904696,0.0
GSM3097103,0.0
GSM3097080,0.0
GSM3097113,0.0
GSM3097118,0.0
GSM1726498,0.0
GSM1726499,0.0
GSM1726497,0.0
GSM1726500,0.0
GSM1726501,0.0
GSM2753509,0.0
GSM2753510,0.0
GSM2753521,0.0
GSM2753526,0.0
GSM2753512,0.0
GSM2753514,0.0
GSM2753515,0.0
GSM2753517,0.0
GSM2753518,0.0
GSM2753519,0.0
GSM2753522,0.0
GSM2753523,0.0
GSM2753529,0.0
GSM2753534,0.0
GSM2753520,0.0
GSM2753525,0.0
GSM2753527,0.0
GSM2753531,0.0
GSM2753511,0.0
GSM2753513,0.0
GSM2753516,0.0
GSM2753530,0.0
GSM2753533,0.0
GSM2753536,0.0
GSM2753537,0.0
GSM2753524,0.0
GSM2753528,0.0
GSM2753532,0.0
GSM2753535,0.0
GSM694237,0.0
GSM694240,0.0
GSM694236,0.0
GSM694239,0.0
GSM694238,0.0
GSM2112216,1.0
GSM2112211,0.0
GSM2112217,1.0
GSM2112212,0.0
GSM2112214,0.0
GSM1825666,1.0
GSM1825668,0.0
GSM1825669,0.0
GSM1825670,0.0
GSM1825667,1.0
GSM531774,1.0
GSM531775,1.0
GSM531776,1.0
GSM531778,1.0
GSM1277077,1.0
GSM1277084,1.0
GSM1277067,1.0
GSM1954188,1.0
GSM1954192,0.0
GSM1954189,1.0
GSM1954190,1.0
GSM1954191,1.0
GSM1261106,1.0
GSM1261108,1.0
GSM1261109,1.0
GSM1261107,1.0
GSM1942192,0.0
GSM1942191,0.0
GSM1942193,0.0
GSM1942194,0.0
GSM1942195,0.0
GSM2230822,0.0
GSM2230831,1.0
GSM2230832,1.0
GSM2230828,1.0
GSM2230833,1.0
GSM3302899,0.0
GSM3302895,0.0
GSM3302898,0.0
GSM3302896,0.0
GSM3302897,0.0
GSM740161,0.0
GSM740163,0.0
GSM740160,0.0
GSM740162,0.0
GSM740159,0.0
GSM2281277,0.0
GSM2281280,0.0
GSM2281278,0.0
GSM2281279,0.0
GSM2281281,0.0
GSM741170,1.0
GSM741171,0.0
GSM741172,0.0
GSM1314187,0.0
GSM1314185,0.0
GSM1314183,0.0
GSM1314184,0.0
GSM1314186,0.0
GSM1219157,0.0
GSM1219148,1.0
GSM1219151,0.0
GSM1219153,0.0
GSM1219156,0.0
GSM1219149,1.0
GSM1219158,0.0
GSM1219159,0.0
GSM1219154,0.0
GSM1219155,0.0
GSM1219150,1.0
GSM1219152,0.0
GSM1240676,0.0
GSM1240675,0.0
GSM1240674,0.0
GSM1240678,0.0
GSM1240677,0.0
GSM2886190,1.0
GSM2886146,1.0
GSM2886260,1.0
GSM2886231,1.0
GSM2886206,1.0
GSM1211432,0.0
GSM1211430,0.0
GSM1211428,0.0
GSM1211431,0.0
GSM1211429,0.0
GSM3163056,0.0
GSM3163057,0.0
GSM3163058,0.0
GSM3163059,0.0
GSM3163060,0.0
GSM2883016,0.0
GSM2882979,0.0
GSM2882988,0.0
GSM2883024,0.0
GSM2882996,0.0
GSM2883039,0.0
GSM2882987,0.0
GSM2882990,0.0
GSM2882964,0.0
GSM2883046,0.0
GSM2882965,0.0
GSM2882985,0.0
GSM2882975,0.0
GSM2882999,0.0
GSM2882980,0.0
GSM2882972,0.0
GSM2883022,0.0
GSM2882983,0.0
GSM2883009,0.0
GSM2882982,0.0
GSM2882966,0.0
GSM2882963,0.0
GSM2883005,0.0
GSM2883040,0.0
GSM2882971,0.0
GSM2883012,0.0
GSM2883017,0.0
GSM2883045,0.0
GSM2882969,0.0
GSM2883028,0.0
GSM2882993,0.0
GSM2883041,0.0
GSM2883026,0.0
GSM2883025,0.0
GSM2883018,0.0
GSM2883029,0.0
GSM2882991,0.0
GSM2883023,0.0
GSM2882973,0.0
GSM2883013,0.0
GSM2883014,0.0
GSM2882994,0.0
GSM2883015,0.0
GSM2883004,0.0
GSM2883021,0.0
GSM2883019,0.0
GSM2883031,0.0
GSM2883058,0.0
GSM2883048,0.0
GSM2883055,0.0
GSM2883051,0.0
GSM2883050,0.0
GSM2883062,0.0
GSM2883052,0.0
GSM2883056,0.0
GSM2883061,0.0
GSM2265894,0.0
GSM2265896,0.0
GSM2265895,0.0
GSM2265898,0.0
GSM2265897,0.0
GSM1204530,1.0
GSM1204531,0.0
GSM1204532,0.0
GSM1204533,0.0
GSM1585353,0.0
GSM1585352,0.0
GSM1585354,0.0
GSM1585356,0.0
GSM1585351,0.0
GSM1631145,1.0
GSM1631146,1.0
GSM1631147,0.0
GSM1631144,1.0
GSM1631148,0.0
GSM2683141,0.0
GSM2683142,0.0
GSM2683143,0.0
GSM2683140,0.0
GSM2683139,0.0
GSM440905,0.0
GSM440906,0.0
GSM440904,0.0
GSM440908,0.0
GSM440891,0.0
GSM2171682,1.0
GSM2171681,0.0
GSM2171684,1.0
GSM2171680,1.0
GSM2171683,0.0
GSM1886317,0.0
GSM1886316,1.0
GSM1886314,1.0
GSM1886315,1.0
GSM1886318,0.0
GSM560113,0.0
GSM560117,1.0
GSM560114,0.0
GSM560115,0.0
GSM560116,1.0
GSM114872,0.0
GSM114883,0.0
GSM114884,0.0
GSM114877,0.0
GSM114871,0.0
GSM3162067,1.0
GSM3162070,1.0
GSM3162069,1.0
GSM3162066,1.0
GSM3162068,1.0
GSM1337341,0.0
GSM1337342,0.0
GSM1337337,0.0
GSM1337340,0.0
GSM1337339,0.0
GSM1646680,1.0
GSM1646679,1.0
GSM1646683,1.0
GSM1646681,1.0
GSM1646682,1.0
GSM2895230,0.0
GSM2895231,0.0
GSM2895229,0.0
GSM2895232,0.0
GSM2188236,1.0
GSM2188237,1.0
GSM2188239,1.0
GSM2188238,1.0
GSM2188240,1.0
GSM3290067,0.0
GSM3290068,0.0
GSM3290071,0.0
GSM3290069,0.0
GSM3290070,0.0
GSM2258569,0.0
GSM2258574,0.0
GSM2258552,0.0
GSM2258590,0.0
GSM2258562,0.0
GSM2258553,0.0
GSM2258580,0.0
GSM2258558,0.0
GSM2258560,0.0
GSM2258570,0.0
GSM2258573,0.0
GSM2258577,0.0
GSM2258582,0.0
GSM2258585,0.0
GSM2258591,0.0
GSM2258592,0.0
GSM2258597,0.0
GSM2258596,0.0
GSM2258587,0.0
GSM2258568,0.0
GSM2258576,0.0
GSM2258554,0.0
GSM2258559,0.0
GSM2258586,0.0
GSM2258564,0.0
GSM2258595,0.0
GSM2258567,0.0
GSM2258578,0.0
GSM2258588,0.0
GSM2258561,0.0
GSM2258571,0.0
GSM2258566,0.0
GSM2258593,0.0
GSM2258584,0.0
GSM2258581,0.0
GSM2258563,0.0
GSM2258556,0.0
GSM2258557,0.0
GSM2258565,0.0
GSM2258579,0.0
GSM2258583,0.0
GSM2258555,0.0
GSM2258589,0.0
GSM2258572,0.0
GSM2258575,0.0
GSM2258594,0.0
GSM2988868,1.0
GSM2988869,1.0
GSM2988870,1.0
GSM2988867,1.0
GSM791839,1.0
GSM791838,1.0
GSM791840,1.0
GSM791837,1.0
GSM791841,0.0
GSM1437199,0.0
GSM1437196,1.0
GSM1437197,0.0
GSM1437198,1.0
GSM671927,0.0
GSM671925,0.0
GSM671926,0.0
GSM671928,0.0
GSM671929,0.0
GSM1302084,1.0
GSM1302086,0.0
GSM1302083,1.0
GSM1302085,0.0
GSM1302087,0.0
GSM3262736,0.0
GSM3262735,0.0
GSM3262737,0.0
GSM3262738,0.0
GSM971313,1.0
GSM971312,1.0
GSM971315,1.0
GSM971314,1.0
GSM156785,1.0
GSM156786,1.0
GSM156787,1.0
GSM156784,1.0
GSM156788,1.0
GSM1539798,1.0
GSM1539797,1.0
GSM1539799,1.0
GSM1539800,1.0
GSM1539801,1.0
GSM1276339,0.0
GSM1276340,1.0
GSM1276341,1.0
GSM1276337,0.0
GSM1276338,0.0
GSM1633663,0.0
GSM1633658,0.0
GSM1633665,0.0
GSM1633668,0.0
GSM1633662,0.0
GSM1920698,0.0
GSM1920699,0.0
GSM1920696,0.0
GSM1920697,0.0
GSM1920700,0.0
GSM2804440,0.0
GSM2804438,0.0
GSM2804439,0.0
GSM2804436,0.0
GSM2804437,0.0
GSM1924618,1.0
GSM1924616,1.0
GSM1924619,1.0
GSM1924620,1.0
GSM1924617,1.0
GSM90860,1.0
GSM90861,1.0
GSM90866,1.0
GSM90667,1.0
GSM90862,1.0
GSM1897246,0.0
GSM1897249,0.0
GSM1897248,0.0
GSM1897245,0.0
GSM1897247,0.0
GSM3098567,0.0
GSM3098568,0.0
GSM3098564,1.0
GSM3098563,1.0
GSM3098565,1.0
GSM1440339,0.0
GSM1440336,0.0
GSM1440341,0.0
GSM1440335,0.0
GSM1440344,0.0
GSM2322254,1.0
GSM2322252,1.0
GSM2322256,1.0
GSM2719244,1.0
GSM2719247,1.0
GSM2719248,1.0
GSM2719246,1.0
GSM2719245,1.0
GSM2085978,0.0
GSM2085980,0.0
GSM2085976,0.0
GSM2085979,0.0
GSM2085977,0.0
GSM1008244,1.0
GSM1008245,1.0
GSM1008242,0.0
GSM1008241,0.0
GSM1008243,0.0
GSM1608396,0.0
GSM1608400,0.0
GSM1608397,0.0
GSM1608398,0.0
GSM1608399,0.0
GSM2241724,0.0
GSM2241720,0.0
GSM2241721,0.0
GSM2241722,0.0
GSM2241723,0.0
GSM877806,0.0
GSM877807,1.0
GSM877805,0.0
GSM877808,0.0
GSM653187,0.0
GSM653188,0.0
GSM653189,0.0
GSM653185,0.0
GSM653186,0.0
GSM653193,0.0
GSM653195,0.0
GSM653191,0.0
GSM653192,0.0
GSM653194,0.0
GSM1383150,1.0
GSM1383153,0.0
GSM1383152,1.0
GSM1383151,1.0
GSM1383154,0.0
GSM2064511,1.0
GSM2064521,1.0
GSM2064524,1.0
GSM2064529,1.0
GSM1293765,1.0
GSM1293766,1.0
GSM1293767,1.0
GSM1293768,1.0
GSM1293769,1.0
GSM389862,0.0
GSM389859,0.0
GSM389863,0.0
GSM389861,0.0
GSM389860,0.0
GSM196066,0.0
GSM196062,0.0
GSM196063,0.0
GSM196065,0.0
GSM196064,0.0
GSM1274483,0.0
GSM1274485,0.0
GSM1274482,0.0
GSM867452,0.0
GSM867453,0.0
GSM867450,0.0
GSM867451,0.0
GSM867454,0.0
GSM1703883,0.0
GSM1703877,1.0
GSM1703879,1.0
GSM1703878,1.0
GSM1703882,0.0
GSM1647838,0.0
GSM1647837,0.0
GSM1647841,0.0
GSM1647840,0.0
GSM1647839,0.0
GSM1395318,0.0
GSM1395317,0.0
GSM1395321,0.0
GSM1395319,0.0
GSM1395320,0.0
GSM272672,0.0
GSM272673,0.0
GSM272675,0.0
GSM272671,0.0
GSM272674,0.0
GSM1181903,0.0
GSM1181908,0.0
GSM1181900,0.0
GSM1181901,0.0
GSM1181902,0.0
GSM1181904,0.0
GSM1181905,0.0
GSM1181907,0.0
GSM1181910,0.0
GSM1181911,0.0
GSM1181906,0.0
GSM1181909,0.0
GSM2068784,1.0
GSM2068788,0.0
GSM2068785,1.0
GSM2068786,1.0
GSM2068787,0.0
GSM28358,0.0
GSM28359,0.0
GSM28357,0.0
GSM28361,0.0
GSM28360,0.0
GSM1185688,0.0
GSM1185685,0.0
GSM1185689,0.0
GSM1185686,0.0
GSM1185687,0.0
GSM1282516,0.0
GSM1282520,0.0
GSM1282512,0.0
GSM1282510,0.0
GSM1282511,0.0
GSM3593575,0.0
GSM3593576,0.0
GSM3593579,0.0
GSM3593578,0.0
GSM3593581,0.0
GSM1181915,0.0
GSM1181917,0.0
GSM1181912,0.0
GSM1181918,0.0
GSM1181922,0.0
GSM505720,0.0
GSM505724,0.0
GSM505736,0.0
GSM505737,0.0
GSM505738,0.0
GSM505744,0.0
GSM505747,0.0
GSM505748,0.0
GSM506014,0.0
GSM506016,0.0
GSM506019,0.0
GSM506000,0.0
GSM506004,0.0
GSM506008,0.0
GSM509110,0.0
GSM505717,0.0
GSM505743,0.0
GSM506018,0.0
GSM506023,0.0
GSM509107,0.0
GSM509108,0.0
GSM509109,0.0
GSM505998,0.0
GSM506007,0.0
GSM506012,0.0
GSM505716,0.0
GSM505723,0.0
GSM505726,0.0
GSM505728,0.0
GSM505730,0.0
GSM505733,0.0
GSM505734,0.0
GSM505740,0.0
GSM505741,0.0
GSM505745,0.0
GSM505997,0.0
GSM506003,0.0
GSM506010,0.0
GSM509111,0.0
GSM509114,0.0
GSM506015,0.0
GSM506020,0.0
GSM509112,0.0
GSM509113,0.0
GSM506017,0.0
GSM506021,0.0
GSM505996,0.0
GSM506005,0.0
GSM506006,0.0
GSM506011,0.0
GSM505721,0.0
GSM505722,0.0
GSM505725,0.0
GSM505735,0.0
GSM505739,0.0
GSM505718,0.0
GSM505719,0.0
GSM505727,0.0
GSM505729,0.0
GSM505731,0.0
GSM505732,0.0
GSM505742,0.0
GSM505746,0.0
GSM506013,0.0
GSM506022,0.0
GSM505999,0.0
GSM506001,0.0
GSM506002,0.0
GSM506009,0.0
GSM2472774,0.0
GSM2472771,0.0
GSM2472772,0.0
GSM2036944,0.0
GSM2036946,0.0
GSM2036947,0.0
GSM2036945,0.0
GSM2036948,0.0
GSM2857761,1.0
GSM2857757,0.0
GSM2857758,0.0
GSM2857759,0.0
GSM2857760,1.0
GSM2586970,0.0
GSM2586967,0.0
GSM2586969,0.0
GSM2586968,0.0
GSM2586971,0.0
GSM621827,1.0
GSM621828,1.0
GSM621829,0.0
GSM621830,0.0
GSM2940129,0.0
GSM2940136,0.0
GSM2940138,0.0
GSM2940135,0.0
GSM1448994,1.0
GSM1448990,1.0
GSM1448991,1.0
GSM1448987,1.0
GSM1448989,1.0
GSM995994,0.0
GSM995993,0.0
GSM995990,1.0
GSM995991,1.0
GSM995992,1.0
GSM902682,1.0
GSM902684,1.0
GSM902680,1.0
GSM902681,1.0
GSM902683,1.0
GSM878741,0.0
GSM878742,0.0
GSM878743,0.0
GSM878744,0.0
GSM878745,0.0
GSM2445826,1.0
GSM2445827,1.0
GSM2445830,1.0
GSM2445829,1.0
GSM2899146,0.0
GSM2899147,0.0
GSM2899148,0.0
GSM2899150,0.0
GSM2899149,0.0
GSM2483509,0.0
GSM2483510,0.0
GSM2483511,0.0
GSM2483512,0.0
GSM1197038,0.0
GSM1197040,0.0
GSM1197041,0.0
GSM1197039,0.0
GSM1036565,0.0
GSM1036566,0.0
GSM1036564,0.0
GSM1036567,0.0
GSM1036563,0.0
GSM3028347,1.0
GSM3028348,1.0
GSM3028349,1.0
GSM3028345,1.0
GSM3028346,1.0
GSM34991,0.0
GSM34992,0.0
GSM34989,0.0
GSM34990,0.0
GSM34988,0.0
GSM2295986,0.0
GSM2295991,1.0
GSM2295989,0.0
GSM2295990,0.0
GSM2295996,0.0
GSM2080555,1.0
GSM2080557,1.0
GSM2080558,1.0
GSM2080554,1.0
GSM2080556,1.0
GSM2395809,0.0
GSM2395812,0.0
GSM2395810,0.0
GSM2395808,0.0
GSM2395811,0.0
GSM252931,1.0
GSM252934,0.0
GSM252890,1.0
GSM252933,0.0
GSM252932,1.0
GSM1875036,0.0
GSM1875035,0.0
GSM1875039,0.0
GSM1875038,0.0
GSM1875040,0.0
GSM1355202,0.0
GSM1355200,0.0
GSM1355201,0.0
GSM1355203,0.0
GSM1355199,0.0
GSM1499794,1.0
GSM1499787,0.0
GSM1499792,0.0
GSM1499798,0.0
GSM1499801,0.0
GSM851131,1.0
GSM851130,1.0
GSM851132,0.0
GSM851128,1.0
GSM851129,1.0
GSM3119640,1.0
GSM3119637,1.0
GSM3119639,1.0
GSM3119641,1.0
GSM3119638,1.0
GSM2257139,0.0
GSM2257136,0.0
GSM2257138,0.0
GSM2257137,0.0
GSM2257135,0.0
GSM2183209,0.0
GSM2183210,0.0
GSM2183211,0.0
GSM2183212,0.0
GSM2183213,0.0
GSM2179854,1.0
GSM2179849,1.0
GSM2179852,1.0
GSM2179848,1.0
GSM2179850,1.0
GSM1531464,0.0
GSM1531465,0.0
GSM1531461,0.0
GSM1531462,0.0
GSM1531463,0.0
GSM1319999,0.0
GSM1320000,0.0
GSM1320002,0.0
GSM1319998,0.0
GSM1320001,0.0
GSM2157415,0.0
GSM2157417,0.0
GSM2157413,0.0
GSM2157416,0.0
GSM2157414,0.0
GSM1244965,0.0
GSM1244963,1.0
GSM1244964,1.0
GSM1244966,0.0
GSM1698090,0.0
GSM1698092,0.0
GSM1698093,0.0
GSM1698094,0.0
GSM1698091,0.0
GSM2357409,0.0
GSM2357413,0.0
GSM2357407,0.0
GSM2357411,0.0
GSM2357408,0.0
GSM1636497,1.0
GSM1636499,1.0
GSM1636500,1.0
GSM1636498,1.0
GSM1636501,0.0
GSM2756566,0.0
GSM2756568,0.0
GSM2756567,0.0
GSM2756565,0.0
GSM1684095,1.0
GSM1684099,1.0
GSM1684096,0.0
GSM1684097,1.0
GSM1684098,0.0
GSM2685694,0.0
GSM2685696,0.0
GSM2685697,0.0
GSM2685695,0.0
GSM2685693,0.0
GSM2438430,0.0
GSM2438428,0.0
GSM2438431,0.0
GSM2438427,0.0
GSM879273,0.0
GSM879262,0.0
GSM879318,0.0
GSM879272,0.0
GSM687006,1.0
GSM687007,1.0
GSM687008,0.0
GSM687009,0.0
GSM687005,1.0
GSM2410432,0.0
GSM2410434,0.0
GSM2410433,0.0
GSM2410435,0.0
GSM2410436,0.0
GSM3068345,0.0
GSM3068339,0.0
GSM3068344,0.0
GSM3068341,0.0
GSM3068349,0.0
GSM1593929,1.0
GSM1593916,1.0
GSM1593924,1.0
GSM305903,0.0
GSM305904,1.0
GSM305902,1.0
GSM2927612,1.0
GSM2927745,0.0
GSM2927663,0.0
GSM2927669,1.0
GSM1961278,0.0
GSM1961276,0.0
GSM1961275,0.0
GSM1961277,0.0
GSM2936367,1.0
GSM2936371,1.0
GSM2936368,1.0
GSM2936369,1.0
GSM2936370,1.0
GSM1238429,1.0
GSM1238436,1.0
GSM1238439,1.0
GSM1238440,1.0
GSM1238447,1.0
GSM1238432,1.0
GSM1238438,1.0
GSM1238444,1.0
GSM1238448,1.0
GSM1238441,1.0
GSM1238445,1.0
GSM1238446,1.0
GSM1238435,1.0
GSM1238449,1.0
GSM1238430,1.0
GSM1238431,1.0
GSM1238433,1.0
GSM1238434,1.0
GSM1238437,1.0
GSM1238442,1.0
GSM1238443,1.0
GSM1238450,1.0
GSM1238453,1.0
GSM1238454,1.0
GSM1238460,1.0
GSM1238466,0.0
GSM1238473,0.0
GSM1238478,0.0
GSM1238483,0.0
GSM1238484,0.0
GSM1238488,0.0
GSM1238492,0.0
GSM1238506,0.0
GSM1238525,0.0
GSM1238537,0.0
GSM1238542,0.0
GSM1238545,0.0
GSM1238456,1.0
GSM1238465,0.0
GSM1238471,0.0
GSM1238485,0.0
GSM1238486,0.0
GSM1238504,0.0
GSM1238507,0.0
GSM1238509,0.0
GSM1238518,0.0
GSM1238520,0.0
GSM1238524,0.0
GSM1238527,0.0
GSM1238530,0.0
GSM1238538,0.0
GSM1238550,0.0
GSM1238452,1.0
GSM1238455,1.0
GSM1238458,1.0
GSM1238468,0.0
GSM1238470,0.0
GSM1238474,0.0
GSM1238479,0.0
GSM1238481,0.0
GSM1238489,0.0
GSM1238494,0.0
GSM1238495,0.0
GSM1238499,0.0
GSM1238500,0.0
GSM1238516,0.0
GSM1238526,0.0
GSM1238528,0.0
GSM1238532,0.0
GSM1238534,0.0
GSM1238536,0.0
GSM1238539,0.0
GSM1238541,0.0
GSM1238451,1.0
GSM1238463,0.0
GSM1238464,0.0
GSM1238467,0.0
GSM1238469,0.0
GSM1238472,0.0
GSM1238475,0.0
GSM1238477,0.0
GSM1238480,0.0
GSM1238491,0.0
GSM1238498,0.0
GSM1238503,0.0
GSM1238508,0.0
GSM1238510,0.0
GSM1238514,0.0
GSM1238515,0.0
GSM1238517,0.0
GSM1238519,0.0
GSM1238521,0.0
GSM1238522,0.0
GSM1238523,0.0
GSM1238529,0.0
GSM1238535,0.0
GSM1238546,0.0
GSM1238547,0.0
GSM1238548,0.0
GSM1238549,0.0
GSM1238457,1.0
GSM1238459,1.0
GSM1238461,0.0
GSM1238462,0.0
GSM1238476,0.0
GSM1238482,0.0
GSM1238487,0.0
GSM1238490,0.0
GSM1238493,0.0
GSM1238496,0.0
GSM1238497,0.0
GSM1238501,0.0
GSM1238502,0.0
GSM1238505,0.0
GSM1238511,0.0
GSM1238512,0.0
GSM1238513,0.0
GSM1238531,0.0
GSM1238533,0.0
GSM1238540,0.0
GSM1238543,0.0
GSM1238544,0.0
GSM1238569,0.0
GSM1238575,0.0
GSM1238581,0.0
GSM1238589,0.0
GSM1238594,0.0
GSM1238595,0.0
GSM1238601,0.0
GSM1238610,0.0
GSM1238615,0.0
GSM1238618,0.0
GSM1238622,0.0
GSM1238626,0.0
GSM1238629,0.0
GSM1238634,0.0
GSM1238649,0.0
GSM1238651,0.0
GSM1238652,0.0
GSM1238653,0.0
GSM1238556,0.0
GSM1238562,0.0
GSM1238576,0.0
GSM1238579,0.0
GSM1238588,0.0
GSM1238591,0.0
GSM1238592,0.0
GSM1238608,0.0
GSM1238611,0.0
GSM1238614,0.0
GSM1238623,0.0
GSM1238624,0.0
GSM1238625,0.0
GSM1238632,0.0
GSM1238637,0.0
GSM1238640,0.0
GSM1238641,0.0
GSM1238642,0.0
GSM1238646,0.0
GSM1238551,0.0
GSM1238558,0.0
GSM1238561,0.0
GSM1238564,0.0
GSM1238567,0.0
GSM1238577,0.0
GSM1238578,0.0
GSM1238580,0.0
GSM1238584,0.0
GSM1238585,0.0
GSM1238586,0.0
GSM1238587,0.0
GSM1238598,0.0
GSM1238599,0.0
GSM1238605,0.0
GSM1238617,0.0
GSM1238619,0.0
GSM1238620,0.0
GSM1238630,0.0
GSM1238639,0.0
GSM1238645,0.0
GSM1238650,0.0
GSM1238654,0.0
GSM1238555,0.0
GSM1238560,0.0
GSM1238566,0.0
GSM1238568,0.0
GSM1238570,0.0
GSM1238573,0.0
GSM1238582,0.0
GSM1238593,0.0
GSM1238603,0.0
GSM1238607,0.0
GSM1238613,0.0
GSM1238616,0.0
GSM1238627,0.0
GSM1238628,0.0
GSM1238631,0.0
GSM1238636,0.0
GSM1238638,0.0
GSM1238644,0.0
GSM1238648,0.0
GSM1238655,0.0
GSM1238656,0.0
GSM1238552,0.0
GSM1238553,0.0
GSM1238554,0.0
GSM1238557,0.0
GSM1238559,0.0
GSM1238563,0.0
GSM1238565,0.0
GSM1238571,0.0
GSM1238572,0.0
GSM1238574,0.0
GSM1238583,0.0
GSM1238590,0.0
GSM1238596,0.0
GSM1238612,0.0
GSM1238621,0.0
GSM1238633,0.0
GSM1238635,0.0
GSM1238643,0.0
GSM1238647,0.0
GSM2702399,1.0
GSM2702403,1.0
GSM2702401,1.0
GSM2702402,1.0
GSM2702400,1.0
GSM693753,1.0
GSM693792,1.0
GSM693793,1.0
GSM693754,1.0
GSM693761,1.0
GSM1053865,0.0
GSM1053867,0.0
GSM1053868,0.0
GSM1053864,0.0
GSM1053866,0.0
GSM2741509,1.0
GSM2741507,1.0
GSM2741510,1.0
GSM2705574,0.0
GSM2705576,0.0
GSM2705575,0.0
GSM2705577,0.0
GSM2702461,0.0
GSM2702462,0.0
GSM2702460,1.0
GSM2112278,0.0
GSM2112275,0.0
GSM2112276,0.0
GSM2112277,0.0
GSM2112279,0.0
GSM1282494,0.0
GSM1282493,0.0
GSM1282496,0.0
GSM1282495,0.0
GSM1268949,1.0
GSM1268951,1.0
GSM1268956,1.0
GSM1268948,1.0
GSM1268957,1.0
GSM1268947,1.0
GSM1268950,1.0
GSM1268952,1.0
GSM1268954,1.0
GSM1268953,1.0
GSM1268946,1.0
GSM1268955,1.0
GSM1388364,1.0
GSM1388363,1.0
GSM1388367,0.0
GSM1388365,1.0
GSM510625,1.0
GSM510627,1.0
GSM510629,0.0
GSM510626,1.0
GSM510628,0.0
GSM1637493,0.0
GSM1637495,0.0
GSM1637496,0.0
GSM1637494,0.0
GSM1637497,0.0
GSM1898776,1.0
GSM1898773,1.0
GSM1898774,1.0
GSM1898775,1.0
GSM1842253,0.0
GSM1842254,0.0
GSM1842255,0.0
GSM1842257,0.0
GSM1842256,0.0
GSM1237021,0.0
GSM1237026,0.0
GSM1237024,0.0
GSM1237027,0.0
GSM1237030,0.0
GSM1237032,0.0
GSM1237034,0.0
GSM1237036,0.0
GSM1237039,0.0
GSM1237044,0.0
GSM1237050,0.0
GSM1237053,0.0
GSM1237077,0.0
GSM1237088,0.0
GSM1237094,0.0
GSM1237099,0.0
GSM1237101,0.0
GSM1237103,0.0
GSM1237107,0.0
GSM1237112,0.0
GSM1237115,0.0
GSM1237117,0.0
GSM1237119,0.0
GSM1237029,0.0
GSM1237040,0.0
GSM1237051,0.0
GSM1237052,0.0
GSM1237056,0.0
GSM1237063,0.0
GSM1237068,0.0
GSM1237075,0.0
GSM1237076,0.0
GSM1237085,0.0
GSM1237087,0.0
GSM1237090,0.0
GSM1237091,0.0
GSM1237096,0.0
GSM1237106,0.0
GSM1237113,0.0
GSM1237116,0.0
GSM1237120,0.0
GSM1237122,0.0
GSM1237123,0.0
GSM1237126,0.0
GSM1237028,0.0
GSM1237033,0.0
GSM1237037,0.0
GSM1237047,0.0
GSM1237049,0.0
GSM1237058,0.0
GSM1237070,0.0
GSM1237073,0.0
GSM1237078,0.0
GSM1237079,0.0
GSM1237083,0.0
GSM1237084,0.0
GSM1237086,0.0
GSM1237089,0.0
GSM1237093,0.0
GSM1237104,0.0
GSM1237109,0.0
GSM1237110,0.0
GSM1237111,0.0
GSM1237114,0.0
GSM1237121,0.0
GSM1237035,0.0
GSM1237041,0.0
GSM1237043,0.0
GSM1237048,0.0
GSM1237054,0.0
GSM1237057,0.0
GSM1237060,0.0
GSM1237062,0.0
GSM1237064,0.0
GSM1237067,0.0
GSM1237069,0.0
GSM1237071,0.0
GSM1237072,0.0
GSM1237074,0.0
GSM1237080,0.0
GSM1237081,0.0
GSM1237082,0.0
GSM1237095,0.0
GSM1237097,0.0
GSM1237105,0.0
GSM1237118,0.0
GSM1237124,0.0
GSM1237125,0.0
GSM1237031,0.0
GSM1237038,0.0
GSM1237042,0.0
GSM1237045,0.0
GSM1237046,0.0
GSM1237055,0.0
GSM1237059,0.0
GSM1237061,0.0
GSM1237065,0.0
GSM1237066,0.0
GSM1237092,0.0
GSM1237098,0.0
GSM1237100,0.0
GSM1237102,0.0
GSM1237108,0.0
GSM1237127,0.0
GSM1237138,0.0
GSM1237142,0.0
GSM1237143,0.0
GSM1237146,0.0
GSM1237169,0.0
GSM1237174,0.0
GSM1237177,0.0
GSM1237180,0.0
GSM1237185,0.0
GSM1237186,0.0
GSM1237202,0.0
GSM1237204,0.0
GSM1237209,0.0
GSM1237213,0.0
GSM1237216,0.0
GSM1237217,0.0
GSM1237219,0.0
GSM1237220,0.0
GSM1237133,0.0
GSM1237135,0.0
GSM1237141,0.0
GSM1237144,0.0
GSM1237148,0.0
GSM1237150,0.0
GSM1237153,0.0
GSM1237155,0.0
GSM1237159,0.0
GSM1237162,0.0
GSM1237164,0.0
GSM1237165,0.0
GSM1237170,0.0
GSM1237179,0.0
GSM1237182,0.0
GSM1237188,0.0
GSM1237191,0.0
GSM1237192,0.0
GSM1237193,0.0
GSM1237199,0.0
GSM1237201,0.0
GSM1237210,0.0
GSM1237218,0.0
GSM1237221,0.0
GSM1237222,0.0
GSM1237224,0.0
GSM1237226,0.0
GSM1237130,0.0
GSM1237136,0.0
GSM1237145,0.0
GSM1237149,0.0
GSM1237154,0.0
GSM1237160,0.0
GSM1237168,0.0
GSM1237175,0.0
GSM1237194,0.0
GSM1237197,0.0
GSM1237208,0.0
GSM1237223,0.0
GSM1237225,0.0
GSM1237134,0.0
GSM1237139,0.0
GSM1237140,0.0
GSM1237151,0.0
GSM1237158,0.0
GSM1237161,0.0
GSM1237167,0.0
GSM1237171,0.0
GSM1237173,0.0
GSM1237176,0.0
GSM1237178,0.0
GSM1237183,0.0
GSM1237184,0.0
GSM1237187,0.0
GSM1237189,0.0
GSM1237190,0.0
GSM1237196,0.0
GSM1237198,0.0
GSM1237203,0.0
GSM1237205,0.0
GSM1237207,0.0
GSM1237128,0.0
GSM1237129,0.0
GSM1237131,0.0
GSM1237132,0.0
GSM1237137,0.0
GSM1237147,0.0
GSM1237152,0.0
GSM1237156,0.0
GSM1237157,0.0
GSM1237163,0.0
GSM1237166,0.0
GSM1237172,0.0
GSM1237181,0.0
GSM1237195,0.0
GSM1237200,0.0
GSM1237206,0.0
GSM1237211,0.0
GSM1237212,0.0
GSM1237214,0.0
GSM1237215,0.0
GSM1237230,0.0
GSM1237237,0.0
GSM1237241,0.0
GSM1237243,0.0
GSM1237245,0.0
GSM1237249,0.0
GSM1237257,0.0
GSM1237264,0.0
GSM1237265,0.0
GSM1237266,0.0
GSM1237267,0.0
GSM1237268,0.0
GSM1237269,0.0
GSM1237270,0.0
GSM1237271,0.0
GSM1237273,0.0
GSM1237278,0.0
GSM1237279,0.0
GSM1237282,0.0
GSM1237289,0.0
GSM1237293,0.0
GSM1237232,0.0
GSM1237239,0.0
GSM1237247,0.0
GSM1237252,0.0
GSM1237259,0.0
GSM1237263,0.0
GSM1237274,0.0
GSM1237275,0.0
GSM1237280,0.0
GSM1237281,0.0
GSM1237283,0.0
GSM1237286,0.0
GSM1237288,0.0
GSM1237291,0.0
GSM1237295,0.0
GSM1237296,0.0
GSM1237233,0.0
GSM1237240,0.0
GSM1237242,0.0
GSM1237244,0.0
GSM1237248,0.0
GSM1237254,0.0
GSM1237260,0.0
GSM1237262,0.0
GSM1237272,0.0
GSM1237284,0.0
GSM1237285,0.0
GSM1237287,0.0
GSM1237290,0.0
GSM1237294,0.0
GSM1237297,0.0
GSM1237227,0.0
GSM1237231,0.0
GSM1237234,0.0
GSM1237246,0.0
GSM1237250,0.0
GSM1237253,0.0
GSM1237255,0.0
GSM1237256,0.0
GSM1237258,0.0
GSM1237261,0.0
GSM1237276,0.0
GSM1237300,0.0
GSM1237301,0.0
GSM1237228,0.0
GSM1237229,0.0
GSM1237235,0.0
GSM1237236,0.0
GSM1237238,0.0
GSM1237251,0.0
GSM1237277,0.0
GSM1237292,0.0
GSM1237298,0.0
GSM1237299,0.0
GSM1237302,0.0
GSM2786217,0.0
GSM2786209,0.0
GSM2786188,0.0
GSM2786212,0.0
GSM2786227,0.0
GSM2355684,0.0
GSM2355678,1.0
GSM2355679,0.0
GSM2355675,0.0
GSM2355677,1.0
GSM1145412,0.0
GSM1145413,1.0
GSM1145411,1.0
GSM1145414,0.0
GSM828847,0.0
GSM828848,0.0
GSM828845,0.0
GSM828846,0.0
GSM1691619,1.0
GSM1691621,0.0
GSM1691622,0.0
GSM815840,0.0
GSM815842,0.0
GSM815841,0.0
GSM815839,0.0
GSM815843,0.0
GSM840089,0.0
GSM840090,0.0
GSM840088,0.0
GSM840091,0.0
GSM840092,0.0
GSM1034057,1.0
GSM1034059,1.0
GSM1034058,1.0
GSM1034060,0.0
GSM1034061,0.0
GSM585238,0.0
GSM585239,0.0
GSM585240,0.0
GSM585237,0.0
GSM585236,0.0
GSM312299,1.0
GSM312303,1.0
GSM312302,1.0
GSM312301,1.0
GSM312300,1.0
GSM1866502,1.0
GSM1866501,1.0
GSM1866503,1.0
GSM1866499,1.0
GSM1866500,1.0
GSM479806,0.0
GSM479747,0.0
GSM479807,0.0
GSM479808,0.0
GSM479804,0.0
GSM1515439,0.0
GSM1515440,0.0
GSM1515441,0.0
GSM1515444,0.0
GSM1515445,0.0
GSM2588734,0.0
GSM2588735,0.0
GSM2588736,0.0
GSM2588733,0.0
GSM2588732,0.0
GSM892297,1.0
GSM892300,1.0
GSM892298,1.0
GSM892303,1.0
GSM892299,1.0
GSM1551263,0.0
GSM1551260,0.0
GSM1551262,0.0
GSM1551261,0.0
GSM547555,1.0
GSM547557,1.0
GSM547554,1.0
GSM547556,1.0
GSM1191940,0.0
GSM1191942,1.0
GSM1708561,0.0
GSM1708562,0.0
GSM1708563,0.0
GSM1708560,0.0
GSM1708564,0.0
GSM417461,0.0
GSM417459,0.0
GSM417462,0.0
GSM417460,0.0
GSM417463,0.0
GSM3127741,1.0
GSM3127731,1.0
GSM3127752,1.0
GSM272128,0.0
GSM272129,0.0
GSM272131,0.0
GSM272127,0.0
GSM272130,0.0
GSM1593836,1.0
GSM1593837,1.0
GSM1593838,1.0
GSM1593839,1.0
GSM1593835,1.0
GSM1273500,1.0
GSM1273501,1.0
GSM1273503,1.0
GSM1273504,1.0
GSM1273502,1.0
GSM3227732,0.0
GSM3227733,0.0
GSM3227734,0.0
GSM3227736,0.0
GSM3227735,0.0
GSM2786572,1.0
GSM2786573,1.0
GSM2786574,0.0
GSM2786575,0.0
GSM2786576,0.0
GSM1008451,0.0
GSM1008450,0.0
GSM1008452,0.0
GSM1008453,0.0
GSM1008454,0.0
GSM1956986,0.0
GSM1956988,1.0
GSM1956985,1.0
GSM1956995,0.0
GSM1956984,0.0
GSM1481588,0.0
GSM1481586,0.0
GSM1481587,0.0
GSM1481584,1.0
GSM1481585,1.0
GSM1101900,1.0
GSM1101901,1.0
GSM1101902,1.0
GSM1101903,1.0
GSM1101899,1.0
GSM572769,1.0
GSM572766,1.0
GSM572767,1.0
GSM572768,1.0
GSM572770,1.0
GSM3510017,1.0
GSM3510019,1.0
GSM3510022,1.0
GSM3510018,1.0
GSM3510021,1.0
GSM3543545,0.0
GSM3543544,0.0
GSM3543546,0.0
GSM3543547,0.0
GSM3543548,0.0
GSM3016971,1.0
GSM3016969,1.0
GSM3016972,1.0
GSM3016970,1.0
GSM3261890,1.0
GSM3261872,1.0
GSM3261879,1.0
GSM3261876,1.0
GSM3261874,1.0
GSM105236,1.0
GSM105232,1.0
GSM105235,1.0
GSM105233,1.0
GSM105234,1.0
GSM928213,0.0
GSM928210,0.0
GSM928211,0.0
GSM928212,0.0
GSM928214,0.0
GSM1651882,1.0
GSM1651879,1.0
GSM1651880,1.0
GSM1651881,1.0
GSM1651883,1.0
GSM2766534,0.0
GSM2766531,0.0
GSM2766532,0.0
GSM2766533,0.0
GSM1552004,1.0
GSM1552005,0.0
GSM1552007,0.0
GSM1552008,0.0
GSM1552013,0.0
GSM1552015,0.0
GSM1552019,0.0
GSM1552022,0.0
GSM1552024,0.0
GSM1552028,0.0
GSM1552009,0.0
GSM1552012,0.0
GSM1552017,1.0
GSM1552023,0.0
GSM1552026,0.0
GSM1552003,1.0
GSM1552006,0.0
GSM1552016,0.0
GSM1552020,0.0
GSM1552025,0.0
GSM1552010,0.0
GSM1552014,0.0
GSM1552018,1.0
GSM1552021,0.0
GSM1552011,0.0
GSM1552027,0.0
GSM1429840,1.0
GSM1429842,0.0
GSM1429844,1.0
GSM1429841,0.0
GSM1429843,0.0
GSM1213551,1.0
GSM1213554,0.0
GSM1213552,0.0
GSM1213553,1.0
GSM2249545,1.0
GSM2249547,1.0
GSM2249544,1.0
GSM2249546,1.0
GSM2249548,1.0
GSM2264796,0.0
GSM2264797,0.0
GSM2264795,0.0
GSM2264800,0.0
GSM2264794,0.0
GSM2679591,0.0
GSM2679590,0.0
GSM3110423,0.0
GSM3110424,0.0
GSM3110422,0.0
GSM3110420,0.0
GSM1518755,0.0
GSM1518756,0.0
GSM1518754,1.0
GSM1518752,1.0
GSM1518753,1.0
GSM707715,0.0
GSM707716,0.0
GSM707718,1.0
GSM707714,0.0
GSM707717,0.0
GSM2113413,1.0
GSM2113412,1.0
GSM2731743,0.0
GSM2731727,0.0
GSM2731740,0.0
GSM2731752,0.0
GSM2731745,0.0
GSM613611,1.0
GSM613613,1.0
GSM613615,1.0
GSM613612,1.0
GSM613614,1.0
GSM3123733,0.0
GSM3123731,0.0
GSM3123732,0.0
GSM3123730,0.0
GSM3123734,0.0
GSM2112657,0.0
GSM2112656,0.0
GSM2112653,0.0
GSM2112655,0.0
GSM2112654,0.0
GSM1652593,0.0
GSM1652594,0.0
GSM1652592,0.0
GSM1652595,0.0
GSM1652596,1.0
GSM2405660,1.0
GSM2405659,1.0
GSM2405661,1.0
GSM2405662,1.0
GSM2405658,1.0
GSM3091625,1.0
GSM3091627,0.0
GSM3091624,0.0
GSM3091626,1.0
GSM3091623,0.0
GSM2486390,0.0
GSM2486392,0.0
GSM2486394,0.0
GSM2486391,0.0
GSM2486393,0.0
GSM2150852,0.0
GSM2150854,0.0
GSM2150853,0.0
GSM2150856,0.0
GSM2150855,0.0
GSM831346,0.0
GSM831347,0.0
GSM831348,1.0
GSM831349,1.0
GSM2884120,1.0
GSM2884121,1.0
GSM2884127,0.0
GSM2884119,1.0
GSM2884126,1.0
GSM2779388,0.0
GSM2779387,0.0
GSM2779382,0.0
GSM1875313,0.0
GSM1875323,0.0
GSM1875317,0.0
GSM1875327,0.0
GSM113470,0.0
GSM113471,0.0
GSM113476,0.0
GSM113482,0.0
GSM113483,0.0
GSM113485,0.0
GSM113488,0.0
GSM113494,0.0
GSM113495,0.0
GSM113498,0.0
GSM113502,0.0
GSM113509,0.0
GSM113510,0.0
GSM113517,0.0
GSM113519,0.0
GSM113520,0.0
GSM113527,0.0
GSM113539,0.0
GSM113541,0.0
GSM113544,0.0
GSM113557,0.0
GSM113562,0.0
GSM113568,0.0
GSM113569,0.0
GSM113469,0.0
GSM113475,0.0
GSM113478,0.0
GSM113480,0.0
GSM113481,0.0
GSM113503,0.0
GSM113505,0.0
GSM113514,0.0
GSM113515,0.0
GSM113516,0.0
GSM113529,0.0
GSM113532,0.0
GSM113545,0.0
GSM113548,0.0
GSM113550,0.0
GSM113553,0.0
GSM113554,0.0
GSM113555,0.0
GSM113559,0.0
GSM113472,0.0
GSM113484,0.0
GSM113504,0.0
GSM113513,0.0
GSM113521,0.0
GSM113528,0.0
GSM113530,0.0
GSM113536,0.0
GSM113537,0.0
GSM113538,0.0
GSM113549,0.0
GSM113558,0.0
GSM113563,0.0
GSM113567,0.0
GSM113473,0.0
GSM113474,0.0
GSM113487,0.0
GSM113496,0.0
GSM113497,0.0
GSM113500,0.0
GSM113501,0.0
GSM113506,0.0
GSM113511,0.0
GSM113518,0.0
GSM113522,0.0
GSM113526,0.0
GSM113535,0.0
GSM113540,0.0
GSM113542,0.0
GSM113556,0.0
GSM113560,0.0
GSM113561,0.0
GSM113564,0.0
GSM113468,0.0
GSM113477,0.0
GSM113479,0.0
GSM113486,0.0
GSM113489,0.0
GSM113490,0.0
GSM113491,0.0
GSM113492,0.0
GSM113493,0.0
GSM113499,0.0
GSM113507,0.0
GSM113508,0.0
GSM113512,0.0
GSM113523,0.0
GSM113524,0.0
GSM113525,0.0
GSM113531,0.0
GSM113533,0.0
GSM113543,0.0
GSM113546,0.0
GSM113551,0.0
GSM113552,0.0
GSM113565,0.0
GSM113566,0.0
GSM113570,0.0
GSM113575,0.0
GSM113580,0.0
GSM113586,0.0
GSM113589,0.0
GSM113591,0.0
GSM113596,0.0
GSM113617,0.0
GSM113619,0.0
GSM113621,0.0
GSM113625,0.0
GSM113630,0.0
GSM113633,0.0
GSM113635,0.0
GSM113636,0.0
GSM113644,0.0
GSM113650,0.0
GSM113652,0.0
GSM113654,0.0
GSM113657,0.0
GSM113659,0.0
GSM113736,0.0
GSM113737,0.0
GSM113739,0.0
GSM113742,0.0
GSM113744,0.0
GSM113745,0.0
GSM113747,0.0
GSM113750,0.0
GSM113572,0.0
GSM113573,0.0
GSM113581,0.0
GSM113616,0.0
GSM113622,0.0
GSM113623,0.0
GSM113628,0.0
GSM113634,0.0
GSM113639,0.0
GSM113640,0.0
GSM113641,0.0
GSM113649,0.0
GSM113656,0.0
GSM113730,0.0
GSM113732,0.0
GSM113740,0.0
GSM113748,0.0
GSM113574,0.0
GSM113588,0.0
GSM113593,0.0
GSM113594,0.0
GSM113631,0.0
GSM113637,0.0
GSM113646,0.0
GSM113648,0.0
GSM113651,0.0
GSM113653,0.0
GSM113655,0.0
GSM113661,0.0
GSM113662,0.0
GSM113663,0.0
GSM113728,0.0
GSM113733,0.0
GSM113738,0.0
GSM113741,0.0
GSM113571,0.0
GSM113576,0.0
GSM113577,0.0
GSM113582,0.0
GSM113584,0.0
GSM113587,0.0
GSM113592,0.0
GSM113595,0.0
GSM113620,0.0
GSM113624,0.0
GSM113627,0.0
GSM113629,0.0
GSM113632,0.0
GSM113638,0.0
GSM113642,0.0
GSM113643,0.0
GSM113645,0.0
GSM113647,0.0
GSM113660,0.0
GSM113727,0.0
GSM113734,0.0
GSM113746,0.0
GSM113578,0.0
GSM113579,0.0
GSM113583,0.0
GSM113585,0.0
GSM113590,0.0
GSM113615,0.0
GSM113618,0.0
GSM113626,0.0
GSM113658,0.0
GSM113729,0.0
GSM113731,0.0
GSM113735,0.0
GSM113743,0.0
GSM113749,0.0
GSM113760,0.0
GSM113764,0.0
GSM113765,0.0
GSM113767,0.0
GSM113769,0.0
GSM113771,0.0
GSM113777,0.0
GSM113783,0.0
GSM113784,0.0
GSM113785,0.0
GSM113793,0.0
GSM113796,0.0
GSM113755,0.0
GSM113757,0.0
GSM113759,0.0
GSM113768,0.0
GSM113778,0.0
GSM113781,0.0
GSM113782,0.0
GSM113787,0.0
GSM113792,0.0
GSM113794,0.0
GSM113751,0.0
GSM113752,0.0
GSM113753,0.0
GSM113754,0.0
GSM113761,0.0
GSM113762,0.0
GSM113763,0.0
GSM113772,0.0
GSM113773,0.0
GSM113780,0.0
GSM113791,0.0
GSM113800,0.0
GSM113758,0.0
GSM113766,0.0
GSM113770,0.0
GSM113776,0.0
GSM113789,0.0
GSM113790,0.0
GSM113795,0.0
GSM113797,0.0
GSM113799,0.0
GSM113756,0.0
GSM113774,0.0
GSM113775,0.0
GSM113779,0.0
GSM113786,0.0
GSM113788,0.0
GSM113798,0.0
GSM1545845,1.0
GSM1545844,1.0
GSM1545842,1.0
GSM1545843,1.0
GSM1545841,1.0
GSM1327286,1.0
GSM1327288,0.0
GSM1327287,0.0
GSM1327289,0.0
GSM1327285,1.0
GSM1422232,1.0
GSM1422235,1.0
GSM1422231,1.0
GSM1422233,1.0
GSM1422234,1.0
GSM946032,0.0
GSM946028,0.0
GSM946029,0.0
GSM946030,0.0
GSM946031,0.0
GSM3083768,0.0
GSM3083800,0.0
GSM3083797,0.0
GSM3083777,0.0
GSM3083781,0.0
GSM2476184,0.0
GSM2476181,1.0
GSM2476182,1.0
GSM2476183,0.0
GSM1970170,0.0
GSM1970166,1.0
GSM1970169,0.0
GSM1970168,1.0
GSM1970167,1.0
GSM1424519,0.0
GSM1424522,0.0
GSM1424516,0.0
GSM1424521,0.0
GSM1424518,0.0
GSM2027864,1.0
GSM2027862,1.0
GSM2027863,1.0
GSM2027865,1.0
GSM2027866,1.0
GSM2480835,1.0
GSM2480836,1.0
GSM2480837,1.0
GSM2480838,1.0
GSM2480834,1.0
GSM2253029,0.0
GSM2253027,0.0
GSM2253028,0.0
GSM2253030,0.0
GSM2253031,0.0
GSM1089616,1.0
GSM1089614,0.0
GSM1089615,0.0
GSM1089617,1.0
GSM1089618,1.0
GSM1375882,1.0
GSM1375880,0.0
GSM1375881,0.0
GSM1375883,0.0
GSM1375884,0.0
GSM3473388,0.0
GSM3473389,0.0
GSM3473390,0.0
GSM3473391,0.0
GSM3473392,0.0
GSM1021674,0.0
GSM1021675,0.0
GSM1021676,0.0
GSM1021673,0.0
GSM1021677,0.0
GSM2730923,0.0
GSM2730926,0.0
GSM2730925,0.0
GSM2730924,0.0
GSM2730927,0.0
GSM622237,0.0
GSM622235,0.0
GSM622236,0.0
GSM622238,0.0
GSM622234,0.0
GSM1527304,0.0
GSM1527308,0.0
GSM1527307,0.0
GSM1527306,0.0
GSM1527305,0.0
GSM652461,0.0
GSM652458,0.0
GSM652460,0.0
GSM652462,0.0
GSM2791040,1.0
GSM2791028,0.0
GSM2791035,0.0
GSM2791043,1.0
GSM523587,1.0
GSM523585,1.0
GSM523586,1.0
GSM523583,1.0
GSM523584,1.0
GSM921275,0.0
GSM921277,0.0
GSM921278,0.0
GSM921274,0.0
GSM921276,0.0
GSM15823,1.0
GSM15826,1.0
GSM15834,0.0
GSM15835,0.0
GSM15842,0.0
GSM15844,0.0
GSM15830,0.0
GSM15840,0.0
GSM15807,1.0
GSM15824,1.0
GSM15827,1.0
GSM15831,1.0
GSM15822,1.0
GSM15828,1.0
GSM15833,0.0
GSM15836,0.0
GSM15838,0.0
GSM15843,0.0
GSM15825,1.0
GSM15829,1.0
GSM15837,0.0
GSM15839,0.0
GSM15841,0.0
GSM2452074,1.0
GSM2452075,0.0
GSM2452076,0.0
GSM2452077,0.0
GSM2452078,1.0
GSM1503840,0.0
GSM1503839,0.0
GSM1503841,0.0
GSM1503838,0.0
GSM1503842,0.0
GSM978774,0.0
GSM978775,0.0
GSM978773,0.0
GSM978779,1.0
GSM978777,0.0
GSM2809872,1.0
GSM2809866,1.0
GSM2809867,1.0
GSM2062641,1.0
GSM2062642,1.0
GSM2062644,1.0
GSM2062645,1.0
GSM2062643,1.0
GSM1038355,1.0
GSM1038356,1.0
GSM1038357,1.0
GSM1038359,1.0
GSM1038358,1.0
GSM903305,0.0
GSM903304,0.0
GSM903306,0.0
GSM903303,0.0
GSM849376,0.0
GSM849375,0.0
GSM849372,0.0
GSM849373,0.0
GSM849374,0.0
GSM2333549,0.0
GSM2333547,0.0
GSM2333546,0.0
GSM2333548,0.0
GSM452301,1.0
GSM452302,0.0
GSM452300,1.0
GSM452303,0.0
GSM452299,1.0
GSM2889281,1.0
GSM2889284,0.0
GSM2889283,1.0
GSM2889276,0.0
GSM2889275,1.0
GSM1888876,0.0
GSM1888878,0.0
GSM1888879,0.0
GSM1888875,0.0
GSM1888877,0.0
GSM880856,1.0
GSM880857,1.0
GSM880854,1.0
GSM880855,1.0
GSM880858,1.0
GSM1398948,0.0
GSM1398949,0.0
GSM1398945,0.0
GSM1398946,0.0
GSM1398947,0.0
GSM538932,0.0
GSM538936,0.0
GSM538935,0.0
GSM538933,0.0
GSM538934,0.0
GSM1526414,0.0
GSM1526411,0.0
GSM1526412,0.0
GSM1526410,0.0
GSM1526413,0.0
GSM2728754,0.0
GSM2728752,0.0
GSM2728750,0.0
GSM2728751,0.0
GSM2728753,0.0
GSM2990225,0.0
GSM2990226,0.0
GSM2990227,0.0
GSM2990228,0.0
GSM2990229,0.0
GSM2386507,0.0
GSM2386508,0.0
GSM2386509,0.0
GSM2386506,0.0
GSM2386510,0.0
GSM854810,0.0
GSM854807,0.0
GSM854809,0.0
GSM854806,0.0
GSM854808,0.0
GSM693954,0.0
GSM693955,0.0
GSM693958,0.0
GSM693956,0.0
GSM693957,0.0
GSM2904686,1.0
GSM2904684,1.0
GSM2904692,1.0
GSM2904685,1.0
GSM1704628,0.0
GSM1704627,0.0
GSM1704630,0.0
GSM1704629,0.0
GSM2427747,0.0
GSM2427743,0.0
GSM2427745,0.0
GSM2427746,0.0
GSM1436981,1.0
GSM1436982,1.0
GSM1436983,1.0
GSM1436986,1.0
GSM1436991,1.0
GSM1436992,1.0
GSM1436993,1.0
GSM1436998,1.0
GSM1437003,1.0
GSM1437007,1.0
GSM1437011,1.0
GSM1437015,1.0
GSM1437016,1.0
GSM1437018,1.0
GSM1437020,1.0
GSM1437023,1.0
GSM1437026,1.0
GSM1437027,1.0
GSM1437032,1.0
GSM1437040,1.0
GSM1436989,1.0
GSM1436990,1.0
GSM1436994,1.0
GSM1437002,1.0
GSM1437004,1.0
GSM1437008,1.0
GSM1437010,1.0
GSM1437014,1.0
GSM1437022,1.0
GSM1437024,1.0
GSM1437025,1.0
GSM1437033,1.0
GSM1437037,1.0
GSM1437038,1.0
GSM1436980,1.0
GSM1436985,1.0
GSM1436988,1.0
GSM1437001,1.0
GSM1437009,1.0
GSM1437017,1.0
GSM1437019,1.0
GSM1437029,1.0
GSM1437031,1.0
GSM1437034,1.0
GSM1437036,1.0
GSM1437042,1.0
GSM1437043,1.0
GSM1436984,1.0
GSM1436997,1.0
GSM1437005,1.0
GSM1437006,1.0
GSM1437021,1.0
GSM1437030,1.0
GSM1437035,1.0
GSM1437041,1.0
GSM1436987,1.0
GSM1436995,1.0
GSM1436996,1.0
GSM1436999,1.0
GSM1437000,1.0
GSM1437012,1.0
GSM1437013,1.0
GSM1437028,1.0
GSM1437039,1.0
GSM1437044,1.0
GSM1437046,1.0
GSM1437047,1.0
GSM1437053,1.0
GSM1437058,1.0
GSM1437061,1.0
GSM1437070,1.0
GSM1437072,1.0
GSM1437074,1.0
GSM1437093,1.0
GSM1437095,1.0
GSM1437100,1.0
GSM1437102,1.0
GSM1437107,0.0
GSM1437112,1.0
GSM1437113,1.0
GSM1437114,1.0
GSM1437115,1.0
GSM1437120,1.0
GSM1437123,1.0
GSM1437126,1.0
GSM1437128,1.0
GSM1437129,0.0
GSM1437133,1.0
GSM1437139,1.0
GSM1437143,1.0
GSM1437054,1.0
GSM1437059,1.0
GSM1437060,1.0
GSM1437073,1.0
GSM1437076,1.0
GSM1437078,1.0
GSM1437084,1.0
GSM1437086,1.0
GSM1437090,1.0
GSM1437096,0.0
GSM1437098,1.0
GSM1437099,1.0
GSM1437104,1.0
GSM1437105,1.0
GSM1437111,1.0
GSM1437121,1.0
GSM1437124,1.0
GSM1437132,1.0
GSM1437134,1.0
GSM1437135,1.0
GSM1437138,1.0
GSM1437045,1.0
GSM1437048,1.0
GSM1437049,1.0
GSM1437052,1.0
GSM1437067,1.0
GSM1437075,1.0
GSM1437077,1.0
GSM1437082,1.0
GSM1437085,1.0
GSM1437091,0.0
GSM1437097,1.0
GSM1437109,1.0
GSM1437116,1.0
GSM1437127,1.0
GSM1437141,0.0
GSM1437142,1.0
GSM1437055,1.0
GSM1437056,1.0
GSM1437057,1.0
GSM1437062,1.0
GSM1437065,1.0
GSM1437068,1.0
GSM1437069,1.0
GSM1437071,1.0
GSM1437083,1.0
GSM1437087,1.0
GSM1437088,1.0
GSM1437089,0.0
GSM1437092,1.0
GSM1437094,0.0
GSM1437106,1.0
GSM1437108,1.0
GSM1437110,1.0
GSM1437118,1.0
GSM1437122,1.0
GSM1437130,1.0
GSM1437136,1.0
GSM1437137,1.0
GSM1437050,1.0
GSM1437051,1.0
GSM1437063,1.0
GSM1437064,1.0
GSM1437066,1.0
GSM1437079,1.0
GSM1437080,1.0
GSM1437081,1.0
GSM1437101,1.0
GSM1437103,0.0
GSM1437117,1.0
GSM1437119,1.0
GSM1437125,1.0
GSM1437131,1.0
GSM1437140,1.0
GSM1437149,1.0
GSM1437151,0.0
GSM1437152,1.0
GSM1437157,1.0
GSM1437164,0.0
GSM1437167,1.0
GSM1437174,1.0
GSM1437175,1.0
GSM1437177,1.0
GSM1437154,1.0
GSM1437160,1.0
GSM1437161,1.0
GSM1437165,1.0
GSM1437169,1.0
GSM1437145,1.0
GSM1437148,1.0
GSM1437153,1.0
GSM1437155,1.0
GSM1437159,1.0
GSM1437166,1.0
GSM1437170,1.0
GSM1437176,1.0
GSM1437147,0.0
GSM1437150,1.0
GSM1437156,1.0
GSM1437158,1.0
GSM1437163,0.0
GSM1437168,1.0
GSM1437178,1.0
GSM1437144,1.0
GSM1437146,1.0
GSM1437162,0.0
GSM1437171,1.0
GSM1437172,1.0
GSM1437173,1.0
GSM1437179,1.0
GSM219244,0.0
GSM219245,0.0
GSM219242,0.0
GSM219241,0.0
GSM219243,0.0
GSM1162729,0.0
GSM1162730,0.0
GSM1162732,0.0
GSM1162725,0.0
GSM1162726,0.0
GSM1631506,1.0
GSM1631508,1.0
GSM1631507,1.0
GSM1631505,1.0
GSM1631509,0.0
GSM144203,0.0
GSM144206,0.0
GSM144204,0.0
GSM144202,0.0
GSM144205,0.0
GSM1215163,0.0
GSM1215161,1.0
GSM1215159,0.0
GSM1215160,1.0
GSM1215162,0.0
GSM2544156,1.0
GSM2544158,0.0
GSM2544159,0.0
GSM2339208,0.0
GSM2339212,0.0
GSM2339209,0.0
GSM2339211,0.0
GSM2339210,0.0
GSM2339205,0.0
GSM2339204,0.0
GSM2339206,0.0
GSM2339207,0.0
GSM2646599,0.0
GSM2646602,0.0
GSM2646598,0.0
GSM2646600,0.0
GSM2646601,0.0
GSM852137,0.0
GSM852136,1.0
GSM852138,0.0
GSM1300031,0.0
GSM1300028,0.0
GSM1300030,0.0
GSM1300027,0.0
GSM1300029,0.0
GSM2104029,0.0
GSM2104027,0.0
GSM2104025,0.0
GSM2104026,0.0
GSM2104028,0.0
GSM2464317,0.0
GSM2464316,0.0
GSM2464318,0.0
GSM2464322,0.0
GSM707606,0.0
GSM707604,1.0
GSM707605,0.0
GSM707602,0.0
GSM707603,0.0
GSM1191945,0.0
GSM1191946,0.0
GSM1191947,0.0
GSM1191949,0.0
GSM1191948,0.0
GSM1023004,0.0
GSM1023001,1.0
GSM1023003,0.0
GSM1023000,1.0
GSM1023002,1.0
GSM1523329,0.0
GSM1523331,0.0
GSM1523330,0.0
GSM1523332,0.0
GSM1523333,0.0
GSM1008208,1.0
GSM1008212,1.0
GSM1008214,1.0
GSM1008216,1.0
GSM1008227,1.0
GSM1008231,1.0
GSM1008200,1.0
GSM1008202,1.0
GSM1008205,1.0
GSM1008209,1.0
GSM1008210,1.0
GSM1008237,1.0
GSM1008211,1.0
GSM1008213,1.0
GSM1008220,0.0
GSM1008223,1.0
GSM1008229,1.0
GSM1008230,1.0
GSM1008232,1.0
GSM1008233,1.0
GSM1008236,1.0
GSM1008201,1.0
GSM1008207,1.0
GSM1008224,1.0
GSM1008225,1.0
GSM1008226,1.0
GSM1008228,1.0
GSM1008203,0.0
GSM1008204,1.0
GSM1008206,1.0
GSM1008215,1.0
GSM1008217,1.0
GSM1008218,1.0
GSM1008219,1.0
GSM1008221,1.0
GSM1008222,1.0
GSM1008234,1.0
GSM1008235,1.0
GSM1008238,1.0
GSM1008239,1.0
GSM944813,1.0
GSM944814,1.0
GSM944812,1.0
GSM944811,1.0
GSM944815,1.0
GSM2876344,1.0
GSM2876346,1.0
GSM2876347,1.0
GSM2876348,1.0
GSM2876345,1.0
GSM2091356,0.0
GSM2091353,1.0
GSM2091354,1.0
GSM2787049,0.0
GSM2787011,0.0
GSM2787040,0.0
GSM2787078,0.0
GSM2787008,0.0
GSM2136907,0.0
GSM2136904,0.0
GSM2136913,0.0
GSM2136910,0.0
GSM2136909,0.0
GSM2359851,0.0
GSM2359850,1.0
GSM2359853,0.0
GSM2359852,1.0
GSM948771,0.0
GSM948773,0.0
GSM948774,0.0
GSM948772,0.0
GSM948770,1.0
GSM724397,0.0
GSM724399,0.0
GSM724401,0.0
GSM724398,0.0
GSM724400,0.0
GSM1055272,1.0
GSM1055271,1.0
GSM1055270,1.0
GSM1055273,1.0
GSM1055274,1.0
GSM3449685,0.0
GSM3449684,0.0
GSM1097470,0.0
GSM1097471,0.0
GSM1097473,0.0
GSM1097472,0.0
GSM2797421,0.0
GSM2797422,0.0
GSM2797423,0.0
GSM2797420,0.0
GSM2797424,0.0
GSM1493643,0.0
GSM1493645,0.0
GSM1493644,0.0
GSM925597,0.0
GSM925600,0.0
GSM925598,0.0
GSM925599,0.0
GSM3573277,0.0
GSM3573280,0.0
GSM3573275,0.0
GSM3573279,0.0
GSM1220036,0.0
GSM1220038,0.0
GSM1220037,0.0
GSM1220039,0.0
GSM1151055,0.0
GSM1151057,0.0
GSM1151059,0.0
GSM1151054,0.0
GSM2888361,0.0
GSM2888365,0.0
GSM2888362,0.0
GSM2888363,0.0
GSM2888364,0.0
GSM823521,1.0
GSM823520,1.0
GSM823522,1.0
GSM823519,1.0
GSM823518,1.0
GSM2446091,0.0
GSM2446093,0.0
GSM2446094,0.0
GSM2446095,0.0
GSM2446092,0.0
GSM2482083,0.0
GSM2482086,0.0
GSM2482087,0.0
GSM2482084,0.0
GSM2482085,0.0
GSM2839819,0.0
GSM2839823,0.0
GSM2839822,0.0
GSM2839821,0.0
GSM2839820,0.0
GSM687348,1.0
GSM687349,1.0
GSM687347,0.0
GSM687345,1.0
GSM687346,1.0
GSM1611457,0.0
GSM1611447,0.0
GSM1611453,0.0
GSM1611455,0.0
GSM1611451,0.0
GSM996504,0.0
GSM996505,0.0
GSM996503,0.0
GSM996506,0.0
GSM996507,0.0
GSM480984,0.0
GSM480986,0.0
GSM480987,0.0
GSM480985,0.0
GSM480988,0.0
GSM760564,0.0
GSM760566,0.0
GSM760562,0.0
GSM760563,0.0
GSM760565,0.0
GSM1944319,0.0
GSM1944318,0.0
GSM1944322,0.0
GSM1944320,0.0
GSM1827984,0.0
GSM1827980,0.0
GSM1827983,0.0
GSM1827982,0.0
GSM1827981,0.0
GSM718712,1.0
GSM718711,1.0
GSM718714,1.0
GSM718709,1.0
GSM1341790,0.0
GSM1341791,0.0
GSM1341794,0.0
GSM1341792,0.0
GSM2501477,1.0
GSM2501479,0.0
GSM2501478,1.0
GSM2501480,0.0
GSM2501481,1.0
GSM151566,0.0
GSM151568,0.0
GSM151569,0.0
GSM151570,0.0
GSM2113484,0.0
GSM2113486,0.0
GSM2113482,0.0
GSM2113483,0.0
GSM2113485,0.0
GSM1161363,1.0
GSM1161364,0.0
GSM1161365,0.0
GSM1161361,1.0
GSM1161362,1.0
GSM1320808,0.0
GSM1320811,1.0
GSM1320812,1.0
GSM1320818,0.0
GSM1320821,1.0
GSM1320827,0.0
GSM1320832,0.0
GSM1320838,0.0
GSM1320840,0.0
GSM1320841,0.0
GSM1320843,0.0
GSM1320799,1.0
GSM1320801,1.0
GSM1320804,0.0
GSM1320806,0.0
GSM1320807,0.0
GSM1320813,0.0
GSM1320814,0.0
GSM1320822,1.0
GSM1320825,0.0
GSM1320826,0.0
GSM1320830,0.0
GSM1320844,0.0
GSM1320847,1.0
GSM1320824,1.0
GSM1320829,0.0
GSM1320831,0.0
GSM1320836,1.0
GSM1320798,1.0
GSM1320800,1.0
GSM1320815,0.0
GSM1320823,1.0
GSM1320828,0.0
GSM1320833,1.0
GSM1320834,1.0
GSM1320835,1.0
GSM1320837,0.0
GSM1320846,1.0
GSM1320802,0.0
GSM1320803,0.0
GSM1320805,0.0
GSM1320809,1.0
GSM1320810,1.0
GSM1320816,0.0
GSM1320817,0.0
GSM1320819,0.0
GSM1320820,0.0
GSM1320839,0.0
GSM1320842,0.0
GSM1320845,1.0
GSM1320852,0.0
GSM1320861,1.0
GSM1320870,0.0
GSM1320881,0.0
GSM1320884,1.0
GSM1320886,1.0
GSM1320890,0.0
GSM1320891,0.0
GSM1320892,0.0
GSM1320893,0.0
GSM1320894,0.0
GSM1320895,0.0
GSM1320896,1.0
GSM1320897,1.0
GSM1320905,0.0
GSM1320906,0.0
GSM1320910,0.0
GSM1320912,1.0
GSM1320914,1.0
GSM1320917,0.0
GSM1320927,1.0
GSM1320928,1.0
GSM1320936,1.0
GSM1320937,1.0
GSM1320938,1.0
GSM1320942,0.0
GSM1320850,0.0
GSM1320851,0.0
GSM1320855,0.0
GSM1320856,0.0
GSM1320858,1.0
GSM1320865,0.0
GSM1320867,0.0
GSM1320874,1.0
GSM1320875,1.0
GSM1320877,0.0
GSM1320878,0.0
GSM1320879,0.0
GSM1320882,0.0
GSM1320898,1.0
GSM1320908,0.0
GSM1320909,0.0
GSM1320916,0.0
GSM1320929,1.0
GSM1320934,0.0
GSM1320943,0.0
GSM1320854,0.0
GSM1320859,1.0
GSM1320863,1.0
GSM1320864,0.0
GSM1320869,0.0
GSM1320871,0.0
GSM1320872,1.0
GSM1320876,0.0
GSM1320883,0.0
GSM1320885,1.0
GSM1320899,1.0
GSM1320902,1.0
GSM1320904,0.0
GSM1320920,0.0
GSM1320923,0.0
GSM1320924,0.0
GSM1320925,0.0
GSM1320933,0.0
GSM1320935,0.0
GSM1320849,0.0
GSM1320862,1.0
GSM1320873,1.0
GSM1320880,0.0
GSM1320887,1.0
GSM1320888,0.0
GSM1320889,0.0
GSM1320903,1.0
GSM1320907,0.0
GSM1320911,0.0
GSM1320913,1.0
GSM1320915,1.0
GSM1320919,0.0
GSM1320931,0.0
GSM1320939,1.0
GSM1320946,0.0
GSM1320947,0.0
GSM1320848,1.0
GSM1320853,0.0
GSM1320857,1.0
GSM1320860,1.0
GSM1320866,0.0
GSM1320868,0.0
GSM1320900,1.0
GSM1320901,1.0
GSM1320918,0.0
GSM1320921,0.0
GSM1320922,0.0
GSM1320926,1.0
GSM1320930,0.0
GSM1320932,0.0
GSM1320940,0.0
GSM1320941,0.0
GSM1320944,0.0
GSM1320945,0.0
GSM1320949,1.0
GSM1320953,0.0
GSM1320956,0.0
GSM1320961,1.0
GSM1320963,1.0
GSM1320964,0.0
GSM1320967,0.0
GSM1320969,0.0
GSM1320975,1.0
GSM1320978,0.0
GSM1320948,1.0
GSM1320954,0.0
GSM1320958,0.0
GSM1320966,0.0
GSM1320968,0.0
GSM1320976,0.0
GSM1320977,0.0
GSM1320979,0.0
GSM1320980,0.0
GSM1320950,1.0
GSM1320952,0.0
GSM1320955,0.0
GSM1320957,0.0
GSM1320974,1.0
GSM1320965,0.0
GSM1320982,0.0
GSM1320951,1.0
GSM1320959,0.0
GSM1320960,1.0
GSM1320962,1.0
GSM1320970,0.0
GSM1320971,0.0
GSM1320972,1.0
GSM1320973,1.0
GSM1320981,0.0
GSM1320983,0.0
GSM773318,1.0
GSM773320,1.0
GSM773319,1.0
GSM773321,1.0
GSM773317,1.0
GSM980286,0.0
GSM980287,0.0
GSM980288,0.0
GSM980289,0.0
GSM980285,0.0
GSM353019,0.0
GSM353020,0.0
GSM353017,0.0
GSM353021,0.0
GSM353018,0.0
GSM352968,0.0
GSM352967,0.0
GSM352965,0.0
GSM352966,0.0
GSM352969,0.0
GSM1300016,0.0
GSM1300018,0.0
GSM1300019,0.0
GSM1300015,0.0
GSM1300017,0.0
GSM3351276,0.0
GSM3351274,0.0
GSM3351277,0.0
GSM3351278,0.0
GSM3351275,0.0
GSM2773040,1.0
GSM2773041,0.0
GSM2773037,1.0
GSM2773039,1.0
GSM2773038,1.0
GSM2088303,1.0
GSM2088299,1.0
GSM2088300,1.0
GSM1677908,1.0
GSM1677912,0.0
GSM1677909,1.0
GSM1677910,1.0
GSM1677911,0.0
GSM2773154,0.0
GSM2773150,0.0
GSM2773152,0.0
GSM2773151,0.0
GSM2773149,0.0
GSM1656751,0.0
GSM1656752,0.0
GSM1656754,0.0
GSM1656753,0.0
GSM1656755,1.0
GSM1558526,0.0
GSM1558513,1.0
GSM1558516,1.0
GSM1558521,0.0
GSM1655011,0.0
GSM1655013,0.0
GSM1655009,0.0
GSM1655010,0.0
GSM1655012,0.0
GSM1145190,1.0
GSM1145193,0.0
GSM1145192,0.0
GSM1145189,1.0
GSM1145191,1.0
GSM1193947,1.0
GSM1193945,1.0
GSM1193950,0.0
GSM1193935,1.0
GSM1193941,0.0
GSM3499393,0.0
GSM3499394,0.0
GSM3499395,0.0
GSM3499396,0.0
GSM3499397,0.0
GSM874033,0.0
GSM874037,0.0
GSM874034,1.0
GSM874036,1.0
GSM874035,1.0
GSM1865052,0.0
GSM1865054,0.0
GSM1865053,0.0
GSM2883340,0.0
GSM2883345,0.0
GSM2883337,1.0
GSM2883338,1.0
GSM2883339,1.0
GSM2883342,0.0
GSM2883343,0.0
GSM2883344,0.0
GSM2883341,0.0
GSM904849,1.0
GSM904851,1.0
GSM904852,1.0
GSM904850,1.0
GSM904853,1.0
GSM2830988,1.0
GSM2830986,1.0
GSM2830985,1.0
GSM2830987,1.0
GSM2830984,1.0
GSM2893335,0.0
GSM2893338,0.0
GSM2893337,0.0
GSM2893336,0.0
GSM2893339,0.0
GSM1697036,0.0
GSM1697025,0.0
GSM1697026,0.0
GSM1697030,0.0
GSM1697024,0.0
GSM2811122,0.0
GSM2811125,0.0
GSM2811123,0.0
GSM2811124,0.0
GSM2811126,0.0
GSM1946308,1.0
GSM1946310,1.0
GSM1946309,1.0
GSM1946311,1.0
GSM1946312,1.0
GSM1976546,0.0
GSM1976545,1.0
GSM1976549,0.0
GSM1976547,1.0
GSM1976548,0.0
GSM1940943,0.0
GSM1940944,0.0
GSM1940946,0.0
GSM1940942,0.0
GSM1940945,0.0
GSM1528135,0.0
GSM1528134,0.0
GSM1528138,0.0
GSM1528137,0.0
GSM1528139,0.0
GSM303242,1.0
GSM303240,1.0
GSM303238,1.0
GSM303239,1.0
GSM303241,1.0
GSM1056118,0.0
GSM1056123,0.0
GSM1056124,0.0
GSM1056120,0.0
GSM1056119,0.0
GSM2011459,0.0
GSM2011458,0.0
GSM2011461,0.0
GSM2011457,0.0
GSM2011460,0.0
GSM1070479,0.0
GSM1070478,0.0
GSM1070482,0.0
GSM1070480,0.0
GSM1070481,0.0
GSM1334378,0.0
GSM1334375,0.0
GSM1334376,0.0
GSM1334377,0.0
GSM536107,1.0
GSM536103,1.0
GSM536099,1.0
GSM536102,0.0
GSM536106,0.0
GSM855708,0.0
GSM855710,0.0
GSM855711,0.0
GSM855709,0.0
GSM855712,0.0
GSM2420554,0.0
GSM2420556,0.0
GSM2420557,1.0
GSM2420558,1.0
GSM2420555,0.0
GSM3024020,0.0
GSM3024022,0.0
GSM3024021,0.0
GSM3024019,1.0
GSM2451440,0.0
GSM2451438,0.0
GSM2451442,0.0
GSM2451444,0.0
GSM2451446,0.0
GSM400149,0.0
GSM400150,0.0
GSM400152,0.0
GSM400151,0.0
GSM2836611,0.0
GSM2836605,1.0
GSM2836608,0.0
GSM2836604,1.0
GSM1545499,1.0
GSM1545502,0.0
GSM1545504,0.0
GSM1545505,0.0
GSM1545500,1.0
GSM43002,0.0
GSM43003,0.0
GSM42999,0.0
GSM43000,0.0
GSM660686,1.0
GSM660687,0.0
GSM660689,1.0
GSM660690,0.0
GSM1900741,0.0
GSM1900743,0.0
GSM1900745,0.0
GSM1900742,0.0
GSM1900744,0.0
GSM1186815,1.0
GSM1186816,1.0
GSM1186814,1.0
GSM1186813,1.0
GSM1186817,1.0
GSM2435153,1.0
GSM2435154,1.0
GSM2435155,1.0
GSM2435152,1.0
GSM2435156,1.0
GSM21961,0.0
GSM21971,1.0
GSM21935,1.0
GSM21972,0.0
GSM2044795,0.0
GSM2044798,0.0
GSM2044794,0.0
GSM2044796,0.0
GSM1859910,0.0
GSM1859913,0.0
GSM1859911,0.0
GSM1859912,0.0
GSM1859914,0.0
GSM100829,1.0
GSM100831,0.0
GSM100830,1.0
GSM100826,1.0
GSM813712,0.0
GSM813714,0.0
GSM813716,0.0
GSM813713,0.0
GSM813715,0.0
GSM2671059,0.0
GSM2671057,0.0
GSM2671058,0.0
GSM2671060,0.0
GSM2671056,0.0
GSM1888077,0.0
GSM1888076,0.0
GSM1888078,0.0
GSM1888075,0.0
GSM718771,0.0
GSM718772,0.0
GSM718773,0.0
GSM718770,0.0
GSM718769,0.0
GSM1349296,1.0
GSM1349298,1.0
GSM1349297,1.0
GSM1349300,0.0
GSM1349299,0.0
GSM161793,1.0
GSM161788,1.0
GSM161790,0.0
GSM161791,0.0
GSM161787,1.0
GSM2927951,0.0
GSM2927949,1.0
GSM2927947,1.0
GSM2927948,1.0
GSM2927950,0.0
GSM1717848,0.0
GSM1717849,0.0
GSM1717850,0.0
GSM1717847,0.0
GSM555644,0.0
GSM555643,1.0
GSM555645,0.0
GSM555646,0.0
GSM1006742,1.0
GSM1006743,1.0
GSM1006746,0.0
GSM1006748,0.0
GSM1006749,0.0
GSM1006752,0.0
GSM1006759,0.0
GSM1006761,0.0
GSM1006733,1.0
GSM1006736,1.0
GSM1006737,1.0
GSM1006741,1.0
GSM1006745,0.0
GSM1006753,0.0
GSM1006754,0.0
GSM1006755,0.0
GSM1006734,1.0
GSM1006750,0.0
GSM1006751,0.0
GSM1006756,0.0
GSM1006732,1.0
GSM1006735,1.0
GSM1006740,1.0
GSM1006744,0.0
GSM1006747,0.0
GSM1006757,0.0
GSM1006760,0.0
GSM1006738,1.0
GSM1006739,1.0
GSM1006758,0.0
GSM1006762,0.0
GSM1843561,1.0
GSM1843562,1.0
GSM1843566,1.0
GSM1843575,0.0
GSM1843581,0.0
GSM1843582,0.0
GSM1843588,0.0
GSM1843597,0.0
GSM1843599,0.0
GSM1843601,0.0
GSM1843602,0.0
GSM1843604,0.0
GSM1843608,0.0
GSM1843610,0.0
GSM1843613,0.0
GSM1843559,1.0
GSM1843563,1.0
GSM1843567,1.0
GSM1843568,1.0
GSM1843573,0.0
GSM1843579,0.0
GSM1843587,0.0
GSM1843592,0.0
GSM1843595,0.0
GSM1843596,0.0
GSM1843600,0.0
GSM1843607,0.0
GSM1843609,0.0
GSM1843611,0.0
GSM1843614,0.0
GSM1843560,1.0
GSM1843564,1.0
GSM1843570,1.0
GSM1843572,0.0
GSM1843574,0.0
GSM1843585,0.0
GSM1843593,0.0
GSM1843603,0.0
GSM1843605,0.0
GSM1843617,0.0
GSM1843618,0.0
GSM1843565,1.0
GSM1843569,1.0
GSM1843576,0.0
GSM1843578,0.0
GSM1843590,0.0
GSM1843594,0.0
GSM1843606,0.0
GSM1843571,0.0
GSM1843577,0.0
GSM1843580,0.0
GSM1843583,0.0
GSM1843584,0.0
GSM1843586,0.0
GSM1843589,0.0
GSM1843591,0.0
GSM1843598,0.0
GSM1843612,0.0
GSM1843615,0.0
GSM1843616,0.0
GSM2858914,1.0
GSM2858919,0.0
GSM2858915,1.0
GSM2858917,0.0
GSM2858916,1.0
GSM524186,0.0
GSM524183,1.0
GSM524185,1.0
GSM3102849,1.0
GSM3102852,0.0
GSM3102853,1.0
GSM3102858,0.0
GSM3102854,1.0
GSM2051176,1.0
GSM2051180,1.0
GSM2051178,1.0
GSM2051177,0.0
GSM2051179,0.0
GSM366970,0.0
GSM366972,0.0
GSM366974,0.0
GSM366971,0.0
GSM366973,0.0
GSM2394316,0.0
GSM2394314,0.0
GSM2394315,0.0
GSM2394317,0.0
GSM2394318,0.0
GSM1533753,0.0
GSM1533759,0.0
GSM1533757,0.0
GSM1533754,0.0
GSM1533763,0.0
GSM2895207,1.0
GSM2895202,1.0
GSM2895209,0.0
GSM2895206,1.0
GSM2290082,0.0
GSM2290083,0.0
GSM2290086,0.0
GSM2290084,0.0
GSM2290085,0.0
GSM3139901,0.0
GSM3139897,0.0
GSM3139898,0.0
GSM3139899,0.0
GSM3139900,0.0
GSM1868880,0.0
GSM1868882,0.0
GSM1868878,0.0
GSM1868879,0.0
GSM1868881,0.0
GSM2141876,0.0
GSM2141880,0.0
GSM2141879,0.0
GSM2141877,0.0
GSM2141878,0.0
GSM1847621,1.0
GSM1847622,1.0
GSM1847618,1.0
GSM1847619,1.0
GSM1847620,1.0
GSM3040310,1.0
GSM3040307,1.0
GSM3040308,1.0
GSM3040309,1.0
GSM3040311,0.0
GSM2136551,0.0
GSM2136552,0.0
GSM2136553,0.0
GSM2136555,0.0
GSM2357772,0.0
GSM2357773,0.0
GSM2357775,0.0
GSM2357774,0.0
GSM2357776,0.0
GSM1594011,0.0
GSM1594023,0.0
GSM1594038,0.0
GSM1594039,0.0
GSM1594016,0.0
GSM2299239,0.0
GSM2299238,0.0
GSM2299237,0.0
GSM2299241,0.0
GSM2299242,0.0
GSM564920,0.0
GSM564921,0.0
GSM564923,0.0
GSM564924,0.0
GSM564922,0.0
GSM1327906,0.0
GSM1327907,0.0
GSM1327908,0.0
GSM1327905,0.0
GSM1327909,0.0
GSM2176946,0.0
GSM2176948,0.0
GSM2176945,0.0
GSM2176947,0.0
GSM2176944,0.0
GSM1924914,0.0
GSM1924915,0.0
GSM1924917,0.0
GSM1924913,0.0
GSM1924916,0.0
GSM260533,0.0
GSM260535,0.0
GSM260534,0.0
GSM260536,0.0
GSM1704243,1.0
GSM1704245,1.0
GSM1704247,0.0
GSM1704244,1.0
GSM1704246,0.0
GSM454295,0.0
GSM454294,0.0
GSM454293,0.0
GSM454291,0.0
GSM454292,0.0
GSM2785675,1.0
GSM2785678,1.0
GSM2785677,1.0
GSM2785676,1.0
GSM2785679,1.0
GSM1937011,1.0
GSM1937005,1.0
GSM1937016,1.0
GSM1937002,1.0
GSM1937004,1.0
GSM1826898,0.0
GSM1826894,0.0
GSM1826897,0.0
GSM1826895,0.0
GSM1826896,0.0
GSM2702950,0.0
GSM2702952,0.0
GSM2702953,0.0
GSM2702955,0.0
GSM2702959,0.0
GSM2702960,0.0
GSM2702963,0.0
GSM2702968,0.0
GSM2702954,0.0
GSM2702969,0.0
GSM2702949,0.0
GSM2702948,0.0
GSM2702951,0.0
GSM2702958,0.0
GSM2702962,0.0
GSM2702965,0.0
GSM2702966,0.0
GSM2702967,0.0
GSM2702947,0.0
GSM2702956,0.0
GSM2702957,0.0
GSM2702961,0.0
GSM2702964,0.0
GSM2702970,0.0
GSM579046,0.0
GSM579048,0.0
GSM579045,0.0
GSM579047,0.0
GSM64041,0.0
GSM64043,0.0
GSM64044,0.0
GSM64045,0.0
GSM2054484,0.0
GSM2054487,0.0
GSM2054485,1.0
GSM2054486,1.0
GSM2054488,0.0
GSM1836771,1.0
GSM1836772,1.0
GSM1836774,0.0
GSM1836773,1.0
GSM1836775,0.0
GSM1519418,0.0
GSM1519422,0.0
GSM1519420,0.0
GSM1519421,0.0
GSM1519419,0.0
GSM63822,0.0
GSM63831,0.0
GSM63829,0.0
GSM63832,0.0
GSM63834,0.0
GSM2241802,0.0
GSM2241799,1.0
GSM2241801,1.0
GSM2241800,0.0
GSM1018945,0.0
GSM1018942,0.0
GSM1018944,0.0
GSM1018943,0.0
GSM1018941,0.0
GSM3100232,1.0
GSM3100236,0.0
GSM3100234,0.0
GSM3100238,0.0
GSM2178480,0.0
GSM2178486,0.0
GSM2178497,0.0
GSM2178484,0.0
GSM2178490,0.0
GSM1593008,1.0
GSM1593011,1.0
GSM1593012,1.0
GSM1593013,1.0
GSM1593007,1.0
GSM3027326,0.0
GSM3027322,0.0
GSM3027323,0.0
GSM3027324,0.0
GSM3027325,0.0
GSM2080924,0.0
GSM2080927,1.0
GSM2080923,1.0
GSM2080925,1.0
GSM2080926,0.0
GSM1886891,0.0
GSM1886893,0.0
GSM1886892,0.0
GSM1886894,0.0
GSM1886890,0.0
GSM548572,0.0
GSM548570,0.0
GSM548568,0.0
GSM548569,0.0
GSM548571,0.0
GSM2111661,0.0
GSM2111660,0.0
GSM2111658,0.0
GSM2131810,0.0
GSM2131811,0.0
GSM1039262,0.0
GSM1039261,0.0
GSM1039264,0.0
GSM1039263,0.0
GSM1039265,0.0
GSM3467277,0.0
GSM3467281,0.0
GSM3467278,0.0
GSM3467279,0.0
GSM2230388,0.0
GSM2230389,0.0
GSM2230386,0.0
GSM2230387,0.0
GSM2230384,0.0
GSM2479693,0.0
GSM2479689,1.0
GSM2479690,0.0
GSM2479691,0.0
GSM2479692,0.0
GSM2430490,1.0
GSM2430491,1.0
GSM2430492,1.0
GSM2430493,1.0
GSM2430494,1.0
GSM818776,0.0
GSM818774,0.0
GSM818773,0.0
GSM818775,0.0
GSM1893146,0.0
GSM1893148,1.0
GSM1893147,1.0
GSM1893145,0.0
GSM1893144,0.0
GSM442772,0.0
GSM442775,0.0
GSM442774,0.0
GSM442771,0.0
GSM442773,0.0
GSM2311747,0.0
GSM2311749,0.0
GSM1310761,1.0
GSM1310758,1.0
GSM1310759,1.0
GSM1310762,1.0
GSM1310760,1.0
GSM1958472,0.0
GSM1958466,0.0
GSM1958468,0.0
GSM1958471,0.0
GSM1958465,0.0
GSM796521,1.0
GSM796524,1.0
GSM796523,1.0
GSM796520,1.0
GSM796522,1.0
GSM1385425,1.0
GSM1385428,1.0
GSM1385427,0.0
GSM1385424,1.0
GSM1385429,1.0
GSM148595,0.0
GSM148596,0.0
GSM148594,0.0
GSM148597,0.0
GSM148598,1.0
GSM1595871,1.0
GSM1595872,1.0
GSM1595869,0.0
GSM1595870,1.0
GSM2332747,0.0
GSM2332749,0.0
GSM2332748,0.0
GSM2332750,0.0
GSM2332751,0.0
GSM1440061,0.0
GSM1440062,0.0
GSM1440064,0.0
GSM1440065,0.0
GSM1440063,0.0
GSM3120604,0.0
GSM3120608,0.0
GSM3120605,0.0
GSM3120606,0.0
GSM3120607,0.0
GSM1477389,1.0
GSM1477393,0.0
GSM1477392,1.0
GSM1477390,1.0
GSM1477391,1.0
GSM1492919,1.0
GSM1492922,1.0
GSM1492921,1.0
GSM1492923,1.0
GSM1492920,1.0
GSM980736,1.0
GSM980735,1.0
GSM980737,1.0
GSM980738,1.0
GSM980734,1.0
GSM818555,0.0
GSM818556,0.0
GSM818558,0.0
GSM818557,0.0
GSM818559,0.0
GSM1370926,0.0
GSM1439315,0.0
GSM1439314,0.0
GSM1185147,0.0
GSM1185132,1.0
GSM1185128,1.0
GSM1185152,0.0
GSM1185158,0.0
GSM2104406,1.0
GSM2104403,0.0
GSM2104404,1.0
GSM2104405,0.0
GSM2104402,1.0
GSM1308226,0.0
GSM1308223,0.0
GSM1308224,0.0
GSM1308227,0.0
GSM1308225,0.0
GSM937093,0.0
GSM937089,0.0
GSM937091,0.0
GSM937090,0.0
GSM937092,0.0
GSM456487,0.0
GSM456488,0.0
GSM456491,0.0
GSM456490,0.0
GSM456489,0.0
GSM1010104,0.0
GSM1010106,0.0
GSM1010107,0.0
GSM1010108,0.0
GSM1561121,0.0
GSM1561126,0.0
GSM1561122,0.0
GSM1561127,0.0
GSM560518,0.0
GSM560519,0.0
GSM560520,0.0
GSM560521,0.0
GSM560522,0.0
GSM1097826,0.0
GSM1097824,1.0
GSM1097825,0.0
GSM1097823,1.0
GSM2784710,1.0
GSM2784709,1.0
GSM2784707,0.0
GSM2784708,0.0
GSM2784711,0.0
GSM1705128,0.0
GSM1705127,0.0
GSM1705129,0.0
GSM1705130,0.0
GSM1705131,0.0
GSM80461,0.0
GSM80462,0.0
GSM80464,0.0
GSM80463,0.0
GSM304360,0.0
GSM304378,1.0
GSM304369,1.0
GSM304366,1.0
GSM304359,0.0
GSM1603335,0.0
GSM1603331,0.0
GSM1603321,0.0
GSM1603338,0.0
GSM1603342,0.0
GSM3034199,0.0
GSM3034198,0.0
GSM3034201,0.0
GSM3034197,0.0
GSM3034200,1.0
GSM2695344,0.0
GSM2695345,0.0
GSM2695347,0.0
GSM2695346,0.0
GSM2695348,0.0
GSM777283,1.0
GSM777284,1.0
GSM777282,1.0
GSM777285,0.0
GSM777286,0.0
GSM2038267,0.0
GSM2038268,0.0
GSM2038271,0.0
GSM2038269,0.0
GSM2038270,0.0
GSM896822,1.0
GSM896819,1.0
GSM896820,1.0
GSM896821,1.0
GSM896818,1.0
GSM210004,0.0
GSM210005,1.0
GSM210007,0.0
GSM210008,0.0
GSM210006,0.0
GSM1898060,0.0
GSM1898056,0.0
GSM1898057,0.0
GSM1898059,0.0
GSM1898058,0.0
GSM1861172,0.0
GSM1861175,0.0
GSM1861174,1.0
GSM1861171,0.0
GSM1861173,0.0
GSM3560818,0.0
GSM3560819,0.0
GSM3560820,0.0
GSM3560817,0.0
GSM3560816,0.0
GSM567353,0.0
GSM567351,0.0
GSM567352,0.0
GSM567354,0.0
GSM567355,0.0
GSM569083,0.0
GSM569082,0.0
GSM569080,0.0
GSM569081,0.0
GSM569079,0.0
GSM507146,1.0
GSM507147,1.0
GSM507148,1.0
GSM507150,0.0
GSM1859824,0.0
GSM1859823,0.0
GSM1859821,0.0
GSM1859822,0.0
GSM1859825,0.0
GSM1979709,0.0
GSM1979711,1.0
GSM1979712,1.0
GSM1979710,0.0
GSM1979708,1.0
GSM245352,0.0
GSM245349,1.0
GSM245350,1.0
GSM245351,0.0
GSM245348,1.0
GSM2101733,0.0
GSM2101731,0.0
GSM2101725,0.0
GSM2101729,0.0
GSM2101722,1.0
GSM1317898,1.0
GSM1317902,1.0
GSM1317903,1.0
GSM1317908,1.0
GSM1317897,1.0
GSM1317905,1.0
GSM1317900,1.0
GSM1317904,1.0
GSM1317906,1.0
GSM1317896,1.0
GSM1317899,1.0
GSM1317901,1.0
GSM1317907,1.0
GSM1317916,0.0
GSM1317919,0.0
GSM1317921,0.0
GSM1317932,0.0
GSM1317933,0.0
GSM1317941,0.0
GSM1317944,0.0
GSM1317949,0.0
GSM1317950,0.0
GSM1317958,0.0
GSM1317965,0.0
GSM1317967,0.0
GSM1317976,0.0
GSM1317995,0.0
GSM1318000,0.0
GSM1318002,0.0
GSM1317909,1.0
GSM1317911,1.0
GSM1317913,1.0
GSM1317925,0.0
GSM1317934,0.0
GSM1317935,0.0
GSM1317939,0.0
GSM1317945,0.0
GSM1317946,0.0
GSM1317957,0.0
GSM1317959,0.0
GSM1317960,0.0
GSM1317968,0.0
GSM1317979,0.0
GSM1317982,0.0
GSM1317984,0.0
GSM1317922,0.0
GSM1317924,0.0
GSM1317926,0.0
GSM1317928,0.0
GSM1317929,0.0
GSM1317936,0.0
GSM1317954,0.0
GSM1317962,0.0
GSM1317963,0.0
GSM1317964,0.0
GSM1317969,0.0
GSM1317971,0.0
GSM1317974,0.0
GSM1317986,0.0
GSM1317989,0.0
GSM1317993,0.0
GSM1317994,0.0
GSM1317999,0.0
GSM1318004,0.0
GSM1318005,0.0
GSM1318007,0.0
GSM1317914,0.0
GSM1317927,0.0
GSM1317930,0.0
GSM1317931,0.0
GSM1317937,0.0
GSM1317938,0.0
GSM1317940,0.0
GSM1317942,0.0
GSM1317943,0.0
GSM1317947,0.0
GSM1317948,0.0
GSM1317966,0.0
GSM1317970,0.0
GSM1317973,0.0
GSM1317975,0.0
GSM1317977,0.0
GSM1317978,0.0
GSM1317980,0.0
GSM1317987,0.0
GSM1317988,0.0
GSM1317991,0.0
GSM1318001,0.0
GSM1318008,0.0
GSM1317910,1.0
GSM1317912,1.0
GSM1317915,0.0
GSM1317917,0.0
GSM1317918,0.0
GSM1317920,0.0
GSM1317923,0.0
GSM1317951,0.0
GSM1317952,0.0
GSM1317953,0.0
GSM1317955,0.0
GSM1317956,0.0
GSM1317961,0.0
GSM1317972,0.0
GSM1317981,0.0
GSM1317983,0.0
GSM1317985,0.0
GSM1317990,0.0
GSM1317992,0.0
GSM1317996,0.0
GSM1317997,0.0
GSM1317998,0.0
GSM1318003,0.0
GSM1318006,0.0
GSM1318012,0.0
GSM1318016,0.0
GSM1318021,0.0
GSM1318025,0.0
GSM1318028,0.0
GSM1318034,0.0
GSM1318038,0.0
GSM1318040,0.0
GSM1318041,1.0
GSM1318045,1.0
GSM1318017,0.0
GSM1318018,0.0
GSM1318019,0.0
GSM1318023,0.0
GSM1318024,0.0
GSM1318036,0.0
GSM1318042,1.0
GSM1318046,1.0
GSM1318047,1.0
GSM1318050,1.0
GSM1318052,1.0
GSM1318054,1.0
GSM1318055,1.0
GSM1318010,0.0
GSM1318014,0.0
GSM1318029,0.0
GSM1318032,0.0
GSM1318033,0.0
GSM1318044,1.0
GSM1318048,1.0
GSM1318011,0.0
GSM1318020,0.0
GSM1318027,0.0
GSM1318030,0.0
GSM1318035,0.0
GSM1318039,0.0
GSM1318049,1.0
GSM1318057,1.0
GSM1318058,1.0
GSM1318009,0.0
GSM1318013,0.0
GSM1318015,0.0
GSM1318022,0.0
GSM1318026,0.0
GSM1318031,0.0
GSM1318037,0.0
GSM1318043,1.0
GSM1318051,1.0
GSM1318053,1.0
GSM1318056,1.0
GSM2325625,1.0
GSM2325616,1.0
GSM2325614,1.0
GSM2325617,1.0
GSM2325615,1.0
GSM2125689,1.0
GSM2125690,1.0
GSM2125691,1.0
GSM2125693,1.0
GSM2125692,1.0
GSM101099,0.0
GSM2748200,0.0
GSM2748204,0.0
GSM2748203,0.0
GSM2748205,0.0
GSM980515,0.0
GSM980513,0.0
GSM980511,0.0
GSM980512,0.0
GSM980514,0.0
GSM2976478,1.0
GSM2976480,1.0
GSM2976481,1.0
GSM2976477,1.0
GSM2976479,1.0
GSM3146120,0.0
GSM3146124,0.0
GSM3146125,0.0
GSM3146127,0.0
GSM3146122,0.0
GSM115793,0.0
GSM115758,0.0
GSM115792,0.0
GSM115756,0.0
GSM115757,0.0
GSM174713,0.0
GSM174716,0.0
GSM174714,0.0
GSM174717,0.0
GSM174715,0.0
GSM2912728,0.0
GSM2912733,1.0
GSM2912730,0.0
GSM2912729,1.0
GSM1702856,1.0
GSM1702858,1.0
GSM1702859,1.0
GSM1702860,0.0
GSM1702857,1.0
GSM590833,0.0
GSM590834,0.0
GSM590832,0.0
GSM590835,0.0
GSM590836,1.0
